"",Date,TAVG (Degrees Fahrenheit),TMAX (Degrees Fahrenheit),TMIN (Degrees Fahrenheit),PRCP (Inches),SNOW (Inches),SNWD (Inches)
28363,1/1/2016,29.0,31.0,25.0,0.0,0.0,0.0
28364,1/2/2016,28.0,33.0,25.0,0.0,0.0,0.0
28365,1/3/2016,32.0,34.0,29.0,0.02,0.2,0.0
28366,1/4/2016,27.0,29.0,20.0,0.0,0.0,0.0
28367,1/5/2016,19.0,29.0,11.0,0.0,0.0,0.0
28368,1/6/2016,26.0,39.0,16.0,0.0,0.0,0.0
28369,1/7/2016,33.0,47.0,21.0,0.0,0.0,0.0
28370,1/8/2016,34.0,45.0,26.0,0.24,0.0,0.0
28371,1/9/2016,47.0,52.0,45.0,0.07,0.0,0.0
28372,1/10/2016,41.0,47.0,19.0,0.5,1.3,0.0
28373,1/11/2016,15.0,22.0,9.0,0.0,0.0,1.2
28374,1/12/2016,22.0,28.0,11.0,0.17,2.7,2.0
28375,1/13/2016,12.0,19.0,8.0,0.03,0.8,2.0
28376,1/14/2016,27.0,43.0,19.0,0.0,0.0,2.0
28377,1/15/2016,44.0,48.0,39.0,0.12,0.0,0.0
28378,1/16/2016,36.0,39.0,29.0,0.0,0.0,0.0
28379,1/17/2016,27.0,30.0,8.0,0.08,1.6,0.0
28380,1/18/2016,9.0,14.0,5.0,0.0,0.0,1.2
28381,1/19/2016,11.0,20.0,8.0,0.01,0.4,1.2
28382,1/20/2016,15.0,20.0,8.0,0.01,0.1,1.2
28383,1/21/2016,17.0,24.0,11.0,0.0,0.0,1.2
28384,1/22/2016,24.0,26.0,23.0,0.0,0.0,1.2
28385,1/23/2016,25.0,27.0,21.0,0.01,0.1,1.2
28386,1/24/2016,25.0,35.0,15.0,0.0,0.0,1.2
28387,1/25/2016,33.0,47.0,26.0,0.0,0.0,0.0
28388,1/26/2016,41.0,48.0,32.0,0.01,0.0,0.0
28389,1/27/2016,30.0,32.0,25.0,0.0,0.0,0.0
28390,1/28/2016,32.0,43.0,25.0,0.01,0.0,0.0
28391,1/29/2016,29.0,33.0,19.0,0.04,0.4,0.0
28392,1/30/2016,35.0,56.0,21.0,0.0,0.0,0.0
28393,1/31/2016,49.0,60.0,38.0,0.05,0.0,0.0
28394,2/1/2016,46.0,53.0,27.0,0.01,0.0,0.0
28395,2/2/2016,35.0,51.0,23.0,0.33,0.0,0.0
28396,2/3/2016,54.0,63.0,37.0,0.25,0.0,0.0
28397,2/4/2016,35.0,37.0,27.0,0.0,0.0,0.0
28398,2/5/2016,29.0,38.0,21.0,0.0,0.0,0.0
28399,2/6/2016,33.0,40.0,25.0,0.0,0.0,0.0
28400,2/7/2016,38.0,52.0,27.0,0.0,0.0,0.0
28401,2/8/2016,40.0,46.0,32.0,0.61,3.3,0.0
28402,2/9/2016,31.0,32.0,25.0,0.14,2.0,3.1
28403,2/10/2016,23.0,25.0,16.0,0.22,3.8,3.9
28404,2/11/2016,17.0,18.0,8.0,0.01,0.4,5.9
28405,2/12/2016,16.0,23.0,8.0,0.03,0.3,5.9
28406,2/13/2016,12.0,14.0,8.0,0.0,0.0,5.9
28407,2/14/2016,10.0,18.0,1.0,0.0,0.0,5.9
28408,2/15/2016,23.0,33.0,16.0,0.02,0.4,5.9
28409,2/16/2016,32.0,33.0,28.0,0.19,1.5,5.1
28410,2/17/2016,29.0,32.0,23.0,0.01,0.1,5.1
28411,2/18/2016,23.0,32.0,9.0,0.0,0.0,5.1
28412,2/19/2016,38.0,57.0,30.0,0.0,0.0,3.9
28413,2/20/2016,55.0,67.0,39.0,0.0,0.0,0.0
28414,2/21/2016,41.0,47.0,31.0,0.0,0.0,0.0
28415,2/22/2016,34.0,42.0,29.0,0.0,0.0,0.0
28416,2/23/2016,33.0,41.0,27.0,0.0,0.0,0.0
28417,2/24/2016,36.0,49.0,32.0,1.2,0.0,0.0
28418,2/25/2016,34.0,35.0,26.0,0.1,1.0,0.0
28419,2/26/2016,27.0,30.0,23.0,0.02,0.2,1.2
28420,2/27/2016,33.0,46.0,28.0,0.0,0.0,1.2
28421,2/28/2016,48.0,64.0,39.0,0.0,0.0,0.0
28422,2/29/2016,47.0,58.0,31.0,0.08,0.0,0.0
28423,3/1/2016,38.0,54.0,26.0,0.38,0.0,0.0
28424,3/2/2016,27.0,27.0,22.0,0.02,0.4,0.0
28425,3/3/2016,26.0,33.0,19.0,0.14,1.6,0.0
28426,3/4/2016,31.0,33.0,21.0,0.07,0.9,3.1
28427,3/5/2016,29.0,36.0,20.0,0.04,0.3,1.2
28428,3/6/2016,33.0,39.0,30.0,0.0,0.0,0.0
28429,3/7/2016,46.0,64.0,38.0,0.01,0.0,0.0
28430,3/8/2016,60.0,72.0,51.0,0.0,0.0,0.0
28431,3/9/2016,63.0,72.0,56.0,0.09,0.0,0.0
28432,3/10/2016,58.0,60.0,40.0,0.75,0.0,0.0
28433,3/11/2016,39.0,41.0,33.0,0.0,0.0,0.0
28434,3/12/2016,39.0,61.0,29.0,0.0,0.0,0.0
28435,3/13/2016,49.0,53.0,45.0,0.65,0.0,0.0
28436,3/14/2016,58.0,70.0,53.0,0.51,0.0,0.0
28437,3/15/2016,51.0,56.0,46.0,0.07,0.0,0.0
28438,3/16/2016,54.0,61.0,50.0,0.04,0.0,0.0
28439,3/17/2016,51.0,57.0,42.0,0.0,0.0,0.0
28440,3/18/2016,44.0,51.0,33.0,0.0,0.0,0.0
28441,3/19/2016,34.0,38.0,30.0,0.0,0.0,0.0
28442,3/20/2016,33.0,36.0,28.0,0.0,0.0,0.0
28443,3/21/2016,33.0,42.0,24.0,0.0,0.0,0.0
28444,3/22/2016,43.0,62.0,31.0,0.0,0.0,0.0
28445,3/23/2016,55.0,63.0,43.0,0.0,0.0,0.0
28446,3/24/2016,58.0,72.0,49.0,0.48,0.0,0.0
28447,3/25/2016,41.0,51.0,31.0,0.0,0.0,0.0
28448,3/26/2016,35.0,44.0,27.0,0.0,0.0,0.0
28449,3/27/2016,50.0,75.0,31.0,0.0,0.0,0.0
28450,3/28/2016,53.0,68.0,42.0,0.62,0.0,0.0
28451,3/29/2016,41.0,44.0,32.0,0.0,0.0,0.0
28452,3/30/2016,45.0,66.0,30.0,0.04,0.0,0.0
28453,3/31/2016,59.0,68.0,54.0,0.26,0.0,0.0
28454,4/1/2016,54.0,61.0,43.0,0.06,0.0,0.0
28455,4/2/2016,42.0,46.0,30.0,0.25,1.2,0.0
28456,4/3/2016,33.0,56.0,26.0,0.0,0.0,0.0
28457,4/4/2016,41.0,56.0,26.0,0.01,0.1,0.0
28458,4/5/2016,30.0,36.0,24.0,0.0,0.0,0.0
28459,4/6/2016,41.0,62.0,29.0,0.24,0.0,0.0
28460,4/7/2016,46.0,52.0,32.0,1.03,1.9,0.0
28461,4/8/2016,35.0,42.0,32.0,0.16,0.6,1.2
28462,4/9/2016,32.0,34.0,25.0,0.4,4.0,3.9
28463,4/10/2016,29.0,48.0,23.0,0.08,0.0,2.0
28464,4/11/2016,51.0,55.0,41.0,0.39,0.0,0.0
28465,4/12/2016,42.0,44.0,34.0,0.0,0.0,0.0
28466,4/13/2016,39.0,49.0,31.0,0.0,0.0,0.0
28467,4/14/2016,42.0,52.0,33.0,0.0,0.0,0.0
28468,4/15/2016,52.0,69.0,35.0,0.0,0.0,0.0
28469,4/16/2016,59.0,73.0,48.0,0.0,0.0,0.0
28470,4/17/2016,60.0,74.0,42.0,0.0,0.0,0.0
28471,4/18/2016,62.0,79.0,43.0,0.0,0.0,0.0
28472,4/19/2016,56.0,62.0,45.0,0.0,0.0,0.0
28473,4/20/2016,55.0,70.0,44.0,0.0,0.0,0.0
28474,4/21/2016,62.0,65.0,59.0,0.1,0.0,0.0
28475,4/22/2016,60.0,66.0,43.0,0.0,0.0,0.0
28476,4/23/2016,45.0,53.0,42.0,0.0,0.0,0.0
28477,4/24/2016,49.0,66.0,34.0,0.0,0.0,0.0
28478,4/25/2016,61.0,80.0,46.0,0.01,0.0,0.0
28479,4/26/2016,59.0,70.0,42.0,0.38,0.0,0.0
28480,4/27/2016,47.0,55.0,41.0,0.0,0.0,0.0
28481,4/28/2016,49.0,51.0,45.0,0.28,0.0,0.0
28482,4/29/2016,47.0,50.0,42.0,0.06,0.0,0.0
28483,4/30/2016,46.0,58.0,37.0,0.41,0.0,0.0
28484,5/1/2016,56.0,62.0,51.0,0.13,0.0,0.0
28485,5/2/2016,49.0,51.0,44.0,0.84,0.0,0.0
28486,5/3/2016,50.0,59.0,44.0,0.0,0.0,0.0
28487,5/4/2016,53.0,66.0,43.0,0.18,0.0,0.0
28488,5/5/2016,52.0,60.0,47.0,0.01,0.0,0.0
28489,5/6/2016,55.0,69.0,43.0,0.0,0.0,0.0
28490,5/7/2016,60.0,73.0,43.0,0.0,0.0,0.0
28491,5/8/2016,54.0,66.0,41.0,0.0,0.0,0.0
28492,5/9/2016,55.0,61.0,45.0,0.0,0.0,0.0
28493,5/10/2016,58.0,69.0,51.0,0.03,0.0,0.0
28494,5/11/2016,65.0,75.0,57.0,0.0,0.0,0.0
28495,5/12/2016,68.0,81.0,59.0,0.56,0.0,0.0
28496,5/13/2016,64.0,69.0,57.0,0.04,0.0,0.0
28497,5/14/2016,54.0,59.0,40.0,0.48,0.0,0.0
28498,5/15/2016,43.0,50.0,38.0,0.2,0.0,0.0
28499,5/16/2016,50.0,65.0,37.0,0.0,0.0,0.0
28500,5/17/2016,57.0,63.0,51.0,0.0,0.0,0.0
28501,5/18/2016,56.0,62.0,47.0,0.0,0.0,0.0
28502,5/19/2016,55.0,68.0,41.0,0.0,0.0,0.0
28503,5/20/2016,59.0,71.0,43.0,0.01,0.0,0.0
28504,5/21/2016,61.0,64.0,50.0,0.03,0.0,0.0
28505,5/22/2016,59.0,69.0,47.0,0.0,0.0,0.0
28506,5/23/2016,60.0,73.0,44.0,0.0,0.0,0.0
28507,5/24/2016,68.0,83.0,50.0,0.0,0.0,0.0
28508,5/25/2016,73.0,86.0,60.0,0.0,0.0,0.0
28509,5/26/2016,76.0,84.0,69.0,0.0,0.0,0.0
28510,5/27/2016,78.0,88.0,68.0,0.0,0.0,0.0
28511,5/28/2016,79.0,90.0,70.0,0.01,0.0,0.0
28512,5/29/2016,75.0,85.0,66.0,0.79,0.0,0.0
28513,5/30/2016,73.0,83.0,63.0,0.0,0.0,0.0
28514,5/31/2016,73.0,81.0,60.0,0.0,0.0,0.0
28515,6/1/2016,74.0,85.0,61.0,0.0,0.0,0.0
28516,6/2/2016,76.0,84.0,68.0,0.01,0.0,0.0
28517,6/3/2016,74.0,81.0,63.0,0.0,0.0,0.0
28518,6/4/2016,70.0,81.0,62.0,0.01,0.0,0.0
28519,6/5/2016,71.0,83.0,63.0,0.45,0.0,0.0
28520,6/6/2016,72.0,84.0,61.0,0.02,0.0,0.0
28521,6/7/2016,64.0,69.0,56.0,0.0,0.0,0.0
28522,6/8/2016,61.0,68.0,52.0,0.02,0.0,0.0
28523,6/9/2016,62.0,73.0,50.0,0.0,0.0,0.0
28524,6/10/2016,72.0,86.0,62.0,0.0,0.0,0.0
28525,6/11/2016,82.0,94.0,74.0,0.0,0.0,0.0
28526,6/12/2016,74.0,82.0,60.0,0.0,0.0,0.0
28527,6/13/2016,64.0,70.0,53.0,0.0,0.0,0.0
28528,6/14/2016,68.0,78.0,62.0,0.0,0.0,0.0
28529,6/15/2016,76.0,89.0,69.0,0.0,0.0,0.0
28530,6/16/2016,75.0,82.0,68.0,1.26,0.0,0.0
28531,6/17/2016,73.0,83.0,62.0,0.0,0.0,0.0
28532,6/18/2016,73.0,85.0,56.0,0.0,0.0,0.0
28533,6/19/2016,77.0,88.0,66.0,0.0,0.0,0.0
28534,6/20/2016,82.0,93.0,73.0,0.0,0.0,0.0
28535,6/21/2016,78.0,83.0,68.0,0.01,0.0,0.0
28536,6/22/2016,73.0,85.0,61.0,0.02,0.0,0.0
28537,6/23/2016,72.0,74.0,65.0,0.32,0.0,0.0
28538,6/24/2016,71.0,78.0,58.0,0.0,0.0,0.0
28539,6/25/2016,71.0,85.0,54.0,0.0,0.0,0.0
28540,6/26/2016,78.0,91.0,65.0,0.0,0.0,0.0
28541,6/27/2016,82.0,92.0,71.0,0.0,0.0,0.0
28542,6/28/2016,74.0,76.0,64.0,0.0,0.0,0.0
28543,6/29/2016,67.0,76.0,54.0,0.0,0.0,0.0
28544,6/30/2016,69.0,83.0,54.0,0.0,0.0,0.0
28545,7/1/2016,71.0,78.0,64.0,0.09,0.0,0.0
28546,7/2/2016,67.0,76.0,56.0,0.0,0.0,0.0
28547,7/3/2016,68.0,78.0,56.0,0.0,0.0,0.0
28548,7/4/2016,70.0,80.0,58.0,0.03,0.0,0.0
28549,7/5/2016,76.0,87.0,70.0,0.01,0.0,0.0
28550,7/6/2016,79.0,90.0,67.0,0.29,0.0,0.0
28551,7/7/2016,79.0,91.0,70.0,0.0,0.0,0.0
28552,7/8/2016,80.0,89.0,70.0,0.51,0.0,0.0
28553,7/9/2016,75.0,79.0,68.0,0.0,0.0,0.0
28554,7/10/2016,74.0,82.0,65.0,0.0,0.0,0.0
28555,7/11/2016,76.0,88.0,63.0,0.0,0.0,0.0
28556,7/12/2016,81.0,93.0,69.0,0.0,0.0,0.0
28557,7/13/2016,84.0,95.0,73.0,0.16,0.0,0.0
28558,7/14/2016,79.0,88.0,71.0,0.0,0.0,0.0
28559,7/15/2016,79.0,87.0,71.0,0.0,0.0,0.0
28560,7/16/2016,73.0,76.0,64.0,0.12,0.0,0.0
28561,7/17/2016,74.0,89.0,61.0,0.0,0.0,0.0
28562,7/18/2016,81.0,86.0,71.0,0.37,0.0,0.0
28563,7/19/2016,77.0,85.0,67.0,0.0,0.0,0.0
28564,7/20/2016,74.0,84.0,60.0,0.0,0.0,0.0
28565,7/21/2016,79.0,94.0,63.0,0.0,0.0,0.0
28566,7/22/2016,84.0,95.0,76.0,0.0,0.0,0.0
28567,7/23/2016,84.0,94.0,75.0,0.0,0.0,0.0
28568,7/24/2016,80.0,90.0,70.0,0.02,0.0,0.0
28569,7/25/2016,83.0,92.0,76.0,0.0,0.0,0.0
28570,7/26/2016,79.0,86.0,67.0,0.0,0.0,0.0
28571,7/27/2016,78.0,90.0,64.0,0.0,0.0,0.0
28572,7/28/2016,78.0,86.0,68.0,0.0,0.0,0.0
28573,7/29/2016,76.0,87.0,67.0,0.0,0.0,0.0
28574,7/30/2016,76.0,83.0,69.0,0.13,0.0,0.0
28575,7/31/2016,75.0,85.0,68.0,0.09,0.0,0.0
28576,8/1/2016,77.0,85.0,68.0,0.0,0.0,0.0
28577,8/2/2016,78.0,89.0,66.0,0.0,0.0,0.0
28578,8/3/2016,81.0,92.0,69.0,0.0,0.0,0.0
28579,8/4/2016,81.0,91.0,70.0,0.0,0.0,0.0
28580,8/5/2016,82.0,94.0,75.0,0.0,0.0,0.0
28581,8/6/2016,80.0,83.0,66.0,0.0,0.0,0.0
28582,8/7/2016,74.0,83.0,62.0,0.0,0.0,0.0
28583,8/8/2016,76.0,86.0,62.0,0.0,0.0,0.0
28584,8/9/2016,79.0,91.0,69.0,0.54,0.0,0.0
28585,8/10/2016,80.0,92.0,76.0,1.04,0.0,0.0
28586,8/11/2016,80.0,94.0,76.0,0.2,0.0,0.0
28587,8/12/2016,83.0,92.0,78.0,0.09,0.0,0.0
28588,8/13/2016,82.0,92.0,74.0,0.25,0.0,0.0
28589,8/14/2016,76.0,81.0,73.0,0.06,0.0,0.0
28590,8/15/2016,76.0,81.0,73.0,0.01,0.0,0.0
28591,8/16/2016,78.0,85.0,72.0,0.16,0.0,0.0
28592,8/17/2016,76.0,85.0,71.0,0.18,0.0,0.0
28593,8/18/2016,76.0,84.0,68.0,0.0,0.0,0.0
28594,8/19/2016,77.0,89.0,68.0,0.0,0.0,0.0
28595,8/20/2016,79.0,89.0,70.0,0.02,0.0,0.0
28596,8/21/2016,76.0,79.0,65.0,0.4,0.0,0.0
28597,8/22/2016,70.0,77.0,61.0,0.0,0.0,0.0
28598,8/23/2016,71.0,83.0,58.0,0.0,0.0,0.0
28599,8/24/2016,75.0,87.0,63.0,0.39,0.0,0.0
28600,8/25/2016,81.0,92.0,74.0,0.11,0.0,0.0
28601,8/26/2016,78.0,84.0,68.0,0.0,0.0,0.0
28602,8/27/2016,77.0,93.0,67.0,0.05,0.0,0.0
28603,8/28/2016,78.0,90.0,70.0,0.0,0.0,0.0
28604,8/29/2016,78.0,84.0,65.0,0.0,0.0,0.0
28605,8/30/2016,74.0,88.0,60.0,0.0,0.0,0.0
28606,8/31/2016,77.0,84.0,70.0,0.0,0.0,0.0
28607,9/1/2016,72.0,77.0,67.0,0.11,0.0,0.0
28608,9/2/2016,70.0,76.0,63.0,0.0,0.0,0.0
28609,9/3/2016,69.0,78.0,58.0,0.0,0.0,0.0
28610,9/4/2016,69.0,83.0,52.0,0.0,0.0,0.0
28611,9/5/2016,74.0,89.0,60.0,0.0,0.0,0.0
28612,9/6/2016,79.0,94.0,67.0,0.0,0.0,0.0
28613,9/7/2016,83.0,94.0,75.0,0.59,0.0,0.0
28614,9/8/2016,82.0,87.0,75.0,0.25,0.0,0.0
28615,9/9/2016,78.0,85.0,71.0,0.0,0.0,0.0
28616,9/10/2016,78.0,90.0,66.0,1.25,0.0,0.0
28617,9/11/2016,67.0,73.0,56.0,0.0,0.0,0.0
28618,9/12/2016,66.0,80.0,55.0,0.0,0.0,0.0
28619,9/13/2016,70.0,83.0,56.0,0.0,0.0,0.0
28620,9/14/2016,69.0,73.0,58.0,0.11,0.0,0.0
28621,9/15/2016,66.0,76.0,57.0,0.0,0.0,0.0
28622,9/16/2016,68.0,83.0,54.0,0.0,0.0,0.0
28623,9/17/2016,75.0,82.0,70.0,1.09,0.0,0.0
28624,9/18/2016,74.0,83.0,67.0,0.0,0.0,0.0
28625,9/19/2016,72.0,82.0,62.0,0.0,0.0,0.0
28626,9/20/2016,71.0,85.0,59.0,0.0,0.0,0.0
28627,9/21/2016,71.0,83.0,59.0,0.0,0.0,0.0
28628,9/22/2016,73.0,88.0,61.0,0.0,0.0,0.0
28629,9/23/2016,76.0,88.0,66.0,0.0,0.0,0.0
28630,9/24/2016,69.0,73.0,58.0,0.0,0.0,0.0
28631,9/25/2016,63.0,76.0,53.0,0.0,0.0,0.0
28632,9/26/2016,65.0,70.0,56.0,0.27,0.0,0.0
28633,9/27/2016,62.0,75.0,52.0,0.0,0.0,0.0
28634,9/28/2016,62.0,66.0,56.0,0.26,0.0,0.0
28635,9/29/2016,61.0,68.0,58.0,0.93,0.0,0.0
28636,9/30/2016,62.0,64.0,61.0,0.52,0.0,0.0
28637,10/1/2016,64.0,71.0,60.0,0.0,0.0,0.0
28638,10/2/2016,62.0,69.0,55.0,0.34,0.0,0.0
28639,10/3/2016,59.0,71.0,52.0,0.0,0.0,0.0
28640,10/4/2016,65.0,77.0,52.0,0.0,0.0,0.0
28641,10/5/2016,68.0,78.0,60.0,0.0,0.0,0.0
28642,10/6/2016,69.0,81.0,60.0,0.0,0.0,0.0
28643,10/7/2016,69.0,81.0,56.0,0.0,0.0,0.0
28644,10/8/2016,63.0,68.0,54.0,0.0,0.0,0.0
28645,10/9/2016,56.0,61.0,50.0,0.0,0.0,0.0
28646,10/10/2016,54.0,65.0,41.0,0.0,0.0,0.0
28647,10/11/2016,55.0,68.0,44.0,0.0,0.0,0.0
28648,10/12/2016,63.0,78.0,50.0,0.0,0.0,0.0
28649,10/13/2016,59.0,64.0,41.0,0.16,0.0,0.0
28650,10/14/2016,49.0,63.0,37.0,0.0,0.0,0.0
28651,10/15/2016,58.0,77.0,44.0,0.0,0.0,0.0
28652,10/16/2016,71.0,80.0,66.0,0.1,0.0,0.0
28653,10/17/2016,72.0,82.0,66.0,0.0,0.0,0.0
28654,10/18/2016,75.0,82.0,68.0,0.09,0.0,0.0
28655,10/19/2016,67.0,72.0,59.0,0.0,0.0,0.0
28656,10/20/2016,62.0,64.0,56.0,1.02,0.0,0.0
28657,10/21/2016,55.0,57.0,46.0,0.76,0.0,0.0
28658,10/22/2016,48.0,51.0,43.0,0.07,0.0,0.0
28659,10/23/2016,53.0,68.0,44.0,0.0,0.0,0.0
28660,10/24/2016,57.0,59.0,45.0,0.0,0.0,0.0
28661,10/25/2016,49.0,55.0,43.0,0.0,0.0,0.0
28662,10/26/2016,46.0,48.0,42.0,0.03,0.0,0.0
28663,10/27/2016,49.0,57.0,46.0,0.24,0.0,0.0
28664,10/28/2016,49.0,57.0,45.0,0.0,0.0,0.0
28665,10/29/2016,62.0,75.0,55.0,0.0,0.0,0.0
28666,10/30/2016,60.0,66.0,50.0,0.15,0.0,0.0
28667,10/31/2016,49.0,55.0,39.0,0.0,0.0,0.0
28668,11/1/2016,59.0,80.0,46.0,0.0,0.0,0.0
28669,11/2/2016,71.0,78.0,65.0,0.03,0.0,0.0
28670,11/3/2016,62.0,68.0,52.0,0.23,0.0,0.0
28671,11/4/2016,54.0,58.0,41.0,0.0,0.0,0.0
28672,11/5/2016,49.0,64.0,39.0,0.0,0.0,0.0
28673,11/6/2016,53.0,68.0,43.0,0.0,0.0,0.0
28674,11/7/2016,54.0,72.0,42.0,0.0,0.0,0.0
28675,11/8/2016,55.0,65.0,46.0,0.16,0.0,0.0
28676,11/9/2016,51.0,53.0,38.0,0.29,0.0,0.0
28677,11/10/2016,46.0,60.0,37.0,0.0,0.0,0.0
28678,11/11/2016,51.0,53.0,43.0,0.01,0.0,0.0
28679,11/12/2016,45.0,51.0,37.0,0.0,0.0,0.0
28680,11/13/2016,43.0,57.0,34.0,0.0,0.0,0.0
28681,11/14/2016,47.0,60.0,35.0,0.0,0.0,0.0
28682,11/15/2016,49.0,62.0,37.0,0.0,0.0,0.0
28683,11/16/2016,51.0,54.0,38.0,0.0,0.0,0.0
28684,11/17/2016,48.0,64.0,34.0,0.0,0.0,0.0
28685,11/18/2016,63.0,74.0,57.0,0.0,0.0,0.0
28686,11/19/2016,52.0,68.0,34.0,0.42,0.6,0.0
28687,11/20/2016,35.0,36.0,32.0,0.03,0.3,0.0
28688,11/21/2016,33.0,38.0,30.0,0.0,0.0,0.0
28689,11/22/2016,35.0,39.0,28.0,0.0,0.0,0.0
28690,11/23/2016,34.0,43.0,26.0,0.08,0.0,0.0
28691,11/24/2016,44.0,49.0,40.0,0.19,0.0,0.0
28692,11/25/2016,42.0,44.0,38.0,0.03,0.0,0.0
28693,11/26/2016,40.0,46.0,38.0,0.08,0.0,0.0
28694,11/27/2016,42.0,49.0,36.0,0.0,0.0,0.0
28695,11/28/2016,44.0,55.0,36.0,0.13,0.0,0.0
28696,11/29/2016,55.0,61.0,49.0,0.02,0.0,0.0
28697,11/30/2016,58.0,62.0,43.0,0.41,0.0,0.0
28698,12/1/2016,41.0,43.0,36.0,0.0,0.0,0.0
28699,12/2/2016,39.0,42.0,34.0,0.09,0.0,0.0
28700,12/3/2016,39.0,41.0,37.0,0.0,0.0,0.0
28701,12/4/2016,38.0,42.0,34.0,0.11,0.2,0.0
28702,12/5/2016,39.0,40.0,31.0,0.0,0.0,0.0
28703,12/6/2016,36.0,41.0,30.0,0.49,0.0,0.0
28704,12/7/2016,36.0,39.0,31.0,0.0,0.0,0.0
28705,12/8/2016,30.0,33.0,25.0,0.0,0.0,0.0
28706,12/9/2016,27.0,33.0,25.0,0.0,0.0,0.0
28707,12/10/2016,27.0,30.0,24.0,0.0,0.0,0.0
28708,12/11/2016,27.0,36.0,25.0,0.28,2.3,1.2
28709,12/12/2016,36.0,37.0,28.0,0.07,0.0,1.2
28710,12/13/2016,29.0,33.0,24.0,0.0,0.0,0.0
28711,12/14/2016,22.0,26.0,15.0,0.01,0.2,0.0
28712,12/15/2016,15.0,18.0,10.0,0.12,3.6,1.2
28713,12/16/2016,13.0,22.0,8.0,0.0,0.0,3.1
28714,12/17/2016,30.0,39.0,22.0,0.63,0.3,2.0
28715,12/18/2016,29.0,33.0,17.0,0.11,0.2,0.0
28716,12/19/2016,18.0,23.0,13.0,0.0,0.0,0.0
28717,12/20/2016,23.0,37.0,15.0,0.0,0.0,0.0
28718,12/21/2016,32.0,38.0,27.0,0.0,0.0,0.0
28719,12/22/2016,37.0,39.0,33.0,0.0,0.0,0.0
28720,12/23/2016,35.0,42.0,31.0,0.0,0.0,0.0
28721,12/24/2016,40.0,43.0,36.0,0.06,0.0,0.0
28722,12/25/2016,36.0,39.0,35.0,0.0,0.0,0.0
28723,12/26/2016,49.0,68.0,39.0,0.31,0.0,0.0
28724,12/27/2016,41.0,51.0,33.0,0.0,0.0,0.0
28725,12/28/2016,34.0,41.0,31.0,0.0,0.0,0.0
28726,12/29/2016,38.0,42.0,32.0,0.32,2.3,0.0
28727,12/30/2016,32.0,33.0,27.0,0.05,0.5,2.0
28728,12/31/2016,35.0,43.0,29.0,0.0,0.0,2.0
28729,1/1/2017,36.0,43.0,27.0,0.0,0.0,0.0
28730,1/2/2017,39.0,50.0,34.0,0.0,0.0,0.0
28731,1/3/2017,48.0,50.0,40.0,0.79,0.0,0.0
28732,1/4/2017,34.0,40.0,20.0,0.09,0.0,0.0
28733,1/5/2017,20.0,21.0,13.0,0.05,1.3,0.0
28734,1/6/2017,12.0,16.0,5.0,0.0,0.0,1.2
28735,1/7/2017,11.0,17.0,6.0,0.02,0.5,1.2
28736,1/8/2017,14.0,19.0,12.0,0.02,0.8,2.0
28737,1/9/2017,20.0,31.0,15.0,0.0,0.0,1.2
28738,1/10/2017,34.0,51.0,28.0,0.39,0.9,1.2
28739,1/11/2017,44.0,59.0,35.0,0.07,0.0,0.0
28740,1/12/2017,49.0,65.0,33.0,1.08,0.0,0.0
28741,1/13/2017,30.0,33.0,26.0,0.0,0.0,0.0
28742,1/14/2017,29.0,34.0,26.0,0.0,0.0,0.0
28743,1/15/2017,28.0,35.0,20.0,0.0,0.0,0.0
28744,1/16/2017,31.0,41.0,22.0,0.05,0.0,0.0
28745,1/17/2017,49.0,61.0,41.0,0.53,0.0,0.0
28746,1/18/2017,42.0,45.0,38.0,0.05,0.0,0.0
28747,1/19/2017,40.0,46.0,36.0,0.0,0.0,0.0
28748,1/20/2017,44.0,55.0,37.0,0.29,0.0,0.0
28749,1/21/2017,53.0,63.0,42.0,0.0,0.0,0.0
28750,1/22/2017,56.0,64.0,41.0,0.0,0.0,0.0
28751,1/23/2017,42.0,44.0,40.0,0.34,0.0,0.0
28752,1/24/2017,39.0,41.0,36.0,0.17,0.0,0.0
28753,1/25/2017,42.0,52.0,37.0,0.01,0.0,0.0
28754,1/26/2017,41.0,42.0,33.0,0.2,0.4,0.0
28755,1/27/2017,33.0,34.0,29.0,0.0,0.0,0.0
28756,1/28/2017,29.0,31.0,28.0,0.01,0.2,0.0
28757,1/29/2017,30.0,32.0,26.0,0.25,3.1,0.0
28758,1/30/2017,26.0,27.0,23.0,0.15,2.3,3.9
28759,1/31/2017,31.0,38.0,26.0,0.22,2.0,5.1
28760,2/1/2017,36.0,38.0,31.0,0.01,0.1,2.0
28761,2/2/2017,30.0,33.0,21.0,0.0,0.0,1.2
28762,2/3/2017,23.0,27.0,18.0,0.01,0.2,1.2
28763,2/4/2017,23.0,33.0,16.0,0.0,0.0,0.0
28764,2/5/2017,35.0,44.0,30.0,0.0,0.0,0.0
28765,2/6/2017,37.0,54.0,25.0,0.02,0.0,0.0
28766,2/7/2017,52.0,60.0,47.0,1.61,0.0,0.0
28767,2/8/2017,43.0,53.0,28.0,0.13,1.3,0.0
28768,2/9/2017,25.0,28.0,19.0,0.02,0.4,1.2
28769,2/10/2017,21.0,37.0,16.0,0.0,0.0,1.2
28770,2/11/2017,42.0,51.0,37.0,0.01,0.0,1.2
28771,2/12/2017,41.0,46.0,35.0,0.22,0.0,0.0
28772,2/13/2017,36.0,40.0,31.0,0.0,0.0,0.0
28773,2/14/2017,39.0,52.0,32.0,0.0,0.0,0.0
28774,2/15/2017,36.0,42.0,28.0,0.07,0.9,0.0
28775,2/16/2017,28.0,30.0,22.0,0.0,0.0,1.2
28776,2/17/2017,35.0,54.0,26.0,0.0,0.0,0.0
28777,2/18/2017,56.0,69.0,49.0,0.0,0.0,0.0
28778,2/19/2017,54.0,64.0,42.0,0.0,0.0,0.0
28779,2/20/2017,46.0,59.0,33.0,0.0,0.0,0.0
28780,2/21/2017,53.0,67.0,45.0,0.0,0.0,0.0
28781,2/22/2017,58.0,63.0,52.0,0.01,0.0,0.0
28782,2/23/2017,61.0,68.0,52.0,0.07,0.0,0.0
28783,2/24/2017,62.0,77.0,45.0,0.3,0.0,0.0
28784,2/25/2017,50.0,61.0,27.0,0.19,0.0,0.0
28785,2/26/2017,31.0,43.0,26.0,0.01,0.3,0.0
28786,2/27/2017,42.0,50.0,36.0,0.0,0.0,0.0
28787,2/28/2017,49.0,61.0,39.0,0.0,0.0,0.0
28788,3/1/2017,58.0,65.0,35.0,0.6,0.0,0.0
28789,3/2/2017,35.0,35.0,27.0,0.3,3.6,0.0
28790,3/3/2017,27.0,28.0,24.0,0.15,1.6,3.1
28791,3/4/2017,26.0,29.0,21.0,0.0,0.0,2.0
28792,3/5/2017,29.0,48.0,20.0,0.0,0.0,1.2
28793,3/6/2017,51.0,59.0,45.0,0.16,0.0,0.0
28794,3/7/2017,56.0,61.0,44.0,0.54,0.0,0.0
28795,3/8/2017,48.0,56.0,40.0,0.0,0.0,0.0
28796,3/9/2017,45.0,49.0,34.0,0.04,0.4,0.0
28797,3/10/2017,33.0,36.0,22.0,0.01,0.1,0.0
28798,3/11/2017,23.0,28.0,19.0,0.0,0.0,0.0
28799,3/12/2017,26.0,29.0,22.0,0.0,0.0,0.0
28800,3/13/2017,26.0,33.0,23.0,0.09,1.1,0.0
28801,3/14/2017,24.0,27.0,19.0,0.09,1.5,1.2
28802,3/15/2017,23.0,31.0,20.0,0.02,0.2,2.0
28803,3/16/2017,30.0,38.0,26.0,0.0,0.0,1.2
28804,3/17/2017,32.0,43.0,23.0,0.07,0.5,0.0
28805,3/18/2017,36.0,41.0,35.0,0.16,0.3,0.0
28806,3/19/2017,37.0,39.0,35.0,0.02,0.0,0.0
28807,3/20/2017,40.0,49.0,34.0,0.01,0.0,0.0
28808,3/21/2017,47.0,57.0,33.0,0.0,0.0,0.0
28809,3/22/2017,32.0,33.0,23.0,0.0,0.0,0.0
28810,3/23/2017,32.0,51.0,18.0,0.0,0.0,0.0
28811,3/24/2017,56.0,74.0,42.0,0.32,0.0,0.0
28812,3/25/2017,57.0,66.0,42.0,0.0,0.0,0.0
28813,3/26/2017,55.0,68.0,42.0,0.23,0.0,0.0
28814,3/27/2017,58.0,64.0,54.0,0.0,0.0,0.0
28815,3/28/2017,49.0,54.0,39.0,0.05,0.0,0.0
28816,3/29/2017,44.0,53.0,38.0,0.0,0.0,0.0
28817,3/30/2017,48.0,53.0,43.0,0.44,0.0,0.0
28818,3/31/2017,51.0,60.0,39.0,0.72,0.0,0.0
28819,4/1/2017,40.0,49.0,37.0,0.01,0.0,0.0
28820,4/2/2017,46.0,61.0,36.0,0.0,0.0,0.0
28821,4/3/2017,59.0,74.0,50.0,0.35,0.0,0.0
28822,4/4/2017,59.0,61.0,49.0,0.11,0.0,0.0
28823,4/5/2017,51.0,66.0,43.0,0.26,0.0,0.0
28824,4/6/2017,48.0,59.0,35.0,0.57,1.9,0.0
28825,4/7/2017,37.0,46.0,32.0,0.22,0.9,1.2
28826,4/8/2017,43.0,59.0,29.0,0.0,0.0,0.0
28827,4/9/2017,56.0,74.0,42.0,0.0,0.0,0.0
28828,4/10/2017,70.0,80.0,61.0,0.0,0.0,0.0
28829,4/11/2017,65.0,71.0,51.0,0.09,0.0,0.0
28830,4/12/2017,52.0,58.0,47.0,0.0,0.0,0.0
28831,4/13/2017,50.0,56.0,45.0,0.0,0.0,0.0
28832,4/14/2017,54.0,66.0,46.0,0.0,0.0,0.0
28833,4/15/2017,65.0,83.0,54.0,0.02,0.0,0.0
28834,4/16/2017,73.0,80.0,62.0,0.0,0.0,0.0
28835,4/17/2017,60.0,66.0,49.0,0.0,0.0,0.0
28836,4/18/2017,58.0,72.0,46.0,0.0,0.0,0.0
28837,4/19/2017,67.0,78.0,56.0,1.92,0.0,0.0
28838,4/20/2017,65.0,82.0,54.0,0.48,0.0,0.0
28839,4/21/2017,58.0,66.0,47.0,0.0,0.0,0.0
28840,4/22/2017,48.0,52.0,42.0,0.0,0.0,0.0
28841,4/23/2017,50.0,64.0,36.0,0.0,0.0,0.0
28842,4/24/2017,57.0,75.0,42.0,0.0,0.0,0.0
28843,4/25/2017,64.0,77.0,57.0,0.0,0.0,0.0
28844,4/26/2017,68.0,82.0,56.0,0.0,0.0,0.0
28845,4/27/2017,73.0,81.0,50.0,0.0,0.0,0.0
28846,4/28/2017,56.0,64.0,47.0,0.28,0.0,0.0
28847,4/29/2017,54.0,58.0,47.0,0.18,0.0,0.0
28848,4/30/2017,63.0,86.0,49.0,0.0,0.0,0.0
28849,5/1/2017,70.0,76.0,53.0,0.3,0.0,0.0
28850,5/2/2017,53.0,54.0,45.0,0.08,0.0,0.0
28851,5/3/2017,50.0,57.0,44.0,0.29,0.0,0.0
28852,5/4/2017,51.0,56.0,48.0,0.52,0.0,0.0
28853,5/5/2017,51.0,53.0,45.0,0.75,0.0,0.0
28854,5/6/2017,46.0,52.0,45.0,0.21,0.0,0.0
28855,5/7/2017,49.0,56.0,40.0,0.0,0.0,0.0
28856,5/8/2017,47.0,55.0,36.0,0.0,0.0,0.0
28857,5/9/2017,49.0,62.0,36.0,0.0,0.0,0.0
28858,5/10/2017,56.0,64.0,48.0,0.0,0.0,0.0
28859,5/11/2017,55.0,58.0,51.0,0.21,0.0,0.0
28860,5/12/2017,54.0,59.0,48.0,0.0,0.0,0.0
28861,5/13/2017,57.0,70.0,42.0,0.16,0.0,0.0
28862,5/14/2017,58.0,64.0,50.0,0.0,0.0,0.0
28863,5/15/2017,56.0,68.0,40.0,0.0,0.0,0.0
28864,5/16/2017,67.0,87.0,49.0,0.0,0.0,0.0
28865,5/17/2017,80.0,90.0,70.0,0.0,0.0,0.0
28866,5/18/2017,81.0,89.0,71.0,0.0,0.0,0.0
28867,5/19/2017,62.0,72.0,52.0,0.13,0.0,0.0
28868,5/20/2017,59.0,73.0,54.0,0.03,0.0,0.0
28869,5/21/2017,70.0,76.0,65.0,0.26,0.0,0.0
28870,5/22/2017,64.0,71.0,54.0,0.0,0.0,0.0
28871,5/23/2017,65.0,77.0,52.0,0.0,0.0,0.0
28872,5/24/2017,65.0,68.0,61.0,0.45,0.0,0.0
28873,5/25/2017,62.0,63.0,59.0,1.05,0.0,0.0
28874,5/26/2017,62.0,70.0,58.0,0.0,0.0,0.0
28875,5/27/2017,65.0,73.0,59.0,0.06,0.0,0.0
28876,5/28/2017,70.0,81.0,59.0,1.53,0.0,0.0
28877,5/29/2017,70.0,82.0,60.0,0.05,0.0,0.0
28878,5/30/2017,71.0,79.0,58.0,0.01,0.0,0.0
28879,5/31/2017,67.0,78.0,56.0,0.0,0.0,0.0
28880,6/1/2017,65.0,73.0,53.0,0.0,0.0,0.0
28881,6/2/2017,66.0,80.0,52.0,0.0,0.0,0.0
28882,6/3/2017,70.0,82.0,56.0,0.0,0.0,0.0
28883,6/4/2017,76.0,88.0,69.0,0.05,0.0,0.0
28884,6/5/2017,67.0,71.0,59.0,0.07,0.0,0.0
28885,6/6/2017,62.0,68.0,52.0,0.02,0.0,0.0
28886,6/7/2017,60.0,66.0,54.0,0.03,0.0,0.0
28887,6/8/2017,63.0,73.0,50.0,0.0,0.0,0.0
28888,6/9/2017,66.0,79.0,53.0,0.0,0.0,0.0
28889,6/10/2017,76.0,89.0,67.0,0.0,0.0,0.0
28890,6/11/2017,80.0,91.0,69.0,0.0,0.0,0.0
28891,6/12/2017,83.0,93.0,73.0,0.0,0.0,0.0
28892,6/13/2017,85.0,93.0,73.0,0.0,0.0,0.0
28893,6/14/2017,78.0,88.0,69.0,0.49,0.0,0.0
28894,6/15/2017,77.0,86.0,72.0,0.0,0.0,0.0
28895,6/16/2017,81.0,91.0,70.0,0.0,0.0,0.0
28896,6/17/2017,81.0,92.0,72.0,0.0,0.0,0.0
28897,6/18/2017,83.0,90.0,72.0,0.61,0.0,0.0
28898,6/19/2017,74.0,81.0,63.0,0.13,0.0,0.0
28899,6/20/2017,69.0,80.0,60.0,0.16,0.0,0.0
28900,6/21/2017,69.0,76.0,60.0,0.0,0.0,0.0
28901,6/22/2017,74.0,89.0,62.0,0.01,0.0,0.0
28902,6/23/2017,77.0,78.0,71.0,1.26,0.0,0.0
28903,6/24/2017,72.0,81.0,63.0,0.0,0.0,0.0
28904,6/25/2017,70.0,76.0,60.0,0.0,0.0,0.0
28905,6/26/2017,65.0,74.0,56.0,0.06,0.0,0.0
28906,6/27/2017,62.0,72.0,53.0,0.0,0.0,0.0
28907,6/28/2017,68.0,79.0,57.0,0.0,0.0,0.0
28908,6/29/2017,77.0,88.0,68.0,0.36,0.0,0.0
28909,6/30/2017,76.0,88.0,70.0,2.6,0.0,0.0
28910,7/1/2017,74.0,85.0,69.0,0.15,0.0,0.0
28911,7/2/2017,76.0,85.0,67.0,0.0,0.0,0.0
28912,7/3/2017,75.0,82.0,69.0,0.0,0.0,0.0
28913,7/4/2017,74.0,79.0,68.0,0.0,0.0,0.0
28914,7/5/2017,73.0,82.0,61.0,0.0,0.0,0.0
28915,7/6/2017,76.0,83.0,66.0,0.0,0.0,0.0
28916,7/7/2017,75.0,83.0,68.0,0.45,0.0,0.0
28917,7/8/2017,73.0,77.0,63.0,0.0,0.0,0.0
28918,7/9/2017,71.0,82.0,59.0,0.0,0.0,0.0
28919,7/10/2017,70.0,76.0,63.0,0.7,0.0,0.0
28920,7/11/2017,76.0,87.0,70.0,0.33,0.0,0.0
28921,7/12/2017,79.0,88.0,72.0,0.15,0.0,0.0
28922,7/13/2017,80.0,84.0,73.0,0.37,0.0,0.0
28923,7/14/2017,79.0,85.0,72.0,0.0,0.0,0.0
28924,7/15/2017,74.0,79.0,65.0,0.0,0.0,0.0
28925,7/16/2017,73.0,85.0,62.0,0.05,0.0,0.0
28926,7/17/2017,74.0,78.0,66.0,0.0,0.0,0.0
28927,7/18/2017,76.0,87.0,62.0,0.0,0.0,0.0
28928,7/19/2017,81.0,92.0,74.0,0.0,0.0,0.0
28929,7/20/2017,82.0,89.0,74.0,0.0,0.0,0.0
28930,7/21/2017,82.0,91.0,73.0,0.0,0.0,0.0
28931,7/22/2017,79.0,85.0,75.0,0.27,0.0,0.0
28932,7/23/2017,79.0,85.0,71.0,0.0,0.0,0.0
28933,7/24/2017,72.0,76.0,68.0,0.0,0.0,0.0
28934,7/25/2017,70.0,77.0,64.0,0.0,0.0,0.0
28935,7/26/2017,71.0,85.0,57.0,0.0,0.0,0.0
28936,7/27/2017,76.0,87.0,66.0,0.0,0.0,0.0
28937,7/28/2017,75.0,82.0,68.0,0.0,0.0,0.0
28938,7/29/2017,72.0,80.0,62.0,0.0,0.0,0.0
28939,7/30/2017,73.0,85.0,60.0,0.0,0.0,0.0
28940,7/31/2017,75.0,87.0,62.0,0.0,0.0,0.0
28941,8/1/2017,76.0,88.0,63.0,0.0,0.0,0.0
28942,8/2/2017,78.0,90.0,66.0,0.0,0.0,0.0
28943,8/3/2017,76.0,87.0,67.0,0.38,0.0,0.0
28944,8/4/2017,75.0,82.0,63.0,0.23,0.0,0.0
28945,8/5/2017,67.0,78.0,59.0,0.0,0.0,0.0
28946,8/6/2017,68.0,80.0,60.0,0.0,0.0,0.0
28947,8/7/2017,70.0,79.0,60.0,0.0,0.0,0.0
28948,8/8/2017,73.0,81.0,62.0,0.0,0.0,0.0
28949,8/9/2017,72.0,84.0,59.0,0.0,0.0,0.0
28950,8/10/2017,74.0,84.0,60.0,0.0,0.0,0.0
28951,8/11/2017,74.0,84.0,69.0,0.06,0.0,0.0
28952,8/12/2017,72.0,79.0,64.0,0.0,0.0,0.0
28953,8/13/2017,72.0,80.0,59.0,0.0,0.0,0.0
28954,8/14/2017,73.0,85.0,63.0,0.0,0.0,0.0
28955,8/15/2017,76.0,90.0,67.0,0.0,0.0,0.0
28956,8/16/2017,75.0,86.0,62.0,0.0,0.0,0.0
28957,8/17/2017,79.0,92.0,72.0,0.07,0.0,0.0
28958,8/18/2017,79.0,85.0,70.0,0.0,0.0,0.0
28959,8/19/2017,74.0,83.0,65.0,0.09,0.0,0.0
28960,8/20/2017,74.0,89.0,61.0,0.0,0.0,0.0
28961,8/21/2017,82.0,92.0,73.0,0.0,0.0,0.0
28962,8/22/2017,80.0,86.0,69.0,0.36,0.0,0.0
28963,8/23/2017,69.0,79.0,60.0,0.0,0.0,0.0
28964,8/24/2017,67.0,72.0,59.0,0.01,0.0,0.0
28965,8/25/2017,65.0,74.0,55.0,0.0,0.0,0.0
28966,8/26/2017,63.0,74.0,52.0,0.0,0.0,0.0
28967,8/27/2017,67.0,79.0,53.0,0.0,0.0,0.0
28968,8/28/2017,71.0,80.0,66.0,0.01,0.0,0.0
28969,8/29/2017,70.0,75.0,64.0,0.04,0.0,0.0
28970,8/30/2017,71.0,81.0,63.0,0.0,0.0,0.0
28971,8/31/2017,68.0,72.0,62.0,0.0,0.0,0.0
28972,9/1/2017,63.0,71.0,56.0,0.0,0.0,0.0
28973,9/2/2017,62.0,66.0,59.0,0.12,0.0,0.0
28974,9/3/2017,66.0,78.0,61.0,0.04,0.0,0.0
28975,9/4/2017,73.0,88.0,62.0,0.26,0.0,0.0
28976,9/5/2017,70.0,78.0,57.0,0.05,0.0,0.0
28977,9/6/2017,61.0,69.0,52.0,0.04,0.0,0.0
28978,9/7/2017,58.0,70.0,50.0,0.09,0.0,0.0
28979,9/8/2017,59.0,69.0,53.0,0.16,0.0,0.0
28980,9/9/2017,60.0,69.0,50.0,0.0,0.0,0.0
28981,9/10/2017,59.0,72.0,45.0,0.0,0.0,0.0
28982,9/11/2017,63.0,77.0,50.0,0.0,0.0,0.0
28983,9/12/2017,66.0,77.0,53.0,0.0,0.0,0.0
28984,9/13/2017,72.0,83.0,64.0,0.04,0.0,0.0
28985,9/14/2017,68.0,75.0,61.0,0.01,0.0,0.0
28986,9/15/2017,68.0,81.0,56.0,0.0,0.0,0.0
28987,9/16/2017,70.0,81.0,60.0,0.0,0.0,0.0
28988,9/17/2017,73.0,85.0,63.0,0.0,0.0,0.0
28989,9/18/2017,74.0,88.0,62.0,0.0,0.0,0.0
28990,9/19/2017,74.0,83.0,66.0,0.0,0.0,0.0
28991,9/20/2017,76.0,88.0,68.0,0.0,0.0,0.0
28992,9/21/2017,78.0,92.0,64.0,0.0,0.0,0.0
28993,9/22/2017,77.0,92.0,64.0,0.0,0.0,0.0
28994,9/23/2017,76.0,91.0,62.0,0.0,0.0,0.0
28995,9/24/2017,78.0,93.0,64.0,0.0,0.0,0.0
28996,9/25/2017,80.0,94.0,69.0,0.0,0.0,0.0
28997,9/26/2017,80.0,92.0,68.0,0.0,0.0,0.0
28998,9/27/2017,75.0,86.0,65.0,0.0,0.0,0.0
28999,9/28/2017,66.0,69.0,51.0,0.0,0.0,0.0
29000,9/29/2017,59.0,72.0,47.0,0.0,0.0,0.0
29001,9/30/2017,59.0,63.0,46.0,0.0,0.0,0.0
29002,10/1/2017,54.0,72.0,39.0,0.0,0.0,0.0
29003,10/2/2017,61.0,80.0,47.0,0.0,0.0,0.0
29004,10/3/2017,67.0,85.0,51.0,0.0,0.0,0.0
29005,10/4/2017,74.0,84.0,68.0,0.01,0.0,0.0
29006,10/5/2017,68.0,75.0,61.0,0.07,0.0,0.0
29007,10/6/2017,67.0,70.0,65.0,0.24,0.0,0.0
29008,10/7/2017,73.0,84.0,66.0,0.0,0.0,0.0
29009,10/8/2017,71.0,74.0,65.0,1.46,0.0,0.0
29010,10/9/2017,67.0,71.0,63.0,0.9,0.0,0.0
29011,10/10/2017,65.0,78.0,57.0,0.0,0.0,0.0
29012,10/11/2017,65.0,67.0,60.0,0.2,0.0,0.0
29013,10/12/2017,62.0,70.0,58.0,0.0,0.0,0.0
29014,10/13/2017,65.0,75.0,57.0,0.0,0.0,0.0
29015,10/14/2017,65.0,80.0,54.0,0.0,0.0,0.0
29016,10/15/2017,71.0,79.0,53.0,0.06,0.0,0.0
29017,10/16/2017,54.0,57.0,41.0,0.0,0.0,0.0
29018,10/17/2017,52.0,67.0,40.0,0.0,0.0,0.0
29019,10/18/2017,58.0,70.0,47.0,0.0,0.0,0.0
29020,10/19/2017,61.0,74.0,49.0,0.0,0.0,0.0
29021,10/20/2017,59.0,75.0,44.0,0.0,0.0,0.0
29022,10/21/2017,61.0,76.0,47.0,0.0,0.0,0.0
29023,10/22/2017,65.0,79.0,52.0,0.0,0.0,0.0
29024,10/23/2017,65.0,68.0,58.0,0.11,0.0,0.0
29025,10/24/2017,54.0,58.0,46.0,0.13,0.0,0.0
29026,10/25/2017,48.0,53.0,44.0,0.0,0.0,0.0
29027,10/26/2017,47.0,56.0,39.0,0.0,0.0,0.0
29028,10/27/2017,54.0,69.0,44.0,0.03,0.0,0.0
29029,10/28/2017,42.0,44.0,37.0,0.21,0.0,0.0
29030,10/29/2017,40.0,46.0,35.0,0.17,0.0,0.0
29031,10/30/2017,42.0,45.0,36.0,0.09,0.0,0.0
29032,10/31/2017,40.0,45.0,33.0,0.0,0.0,0.0
29033,11/1/2017,40.0,53.0,35.0,0.52,0.0,0.0
29034,11/2/2017,57.0,67.0,53.0,0.27,0.0,0.0
29035,11/3/2017,56.0,67.0,43.0,0.7,0.0,0.0
29036,11/4/2017,48.0,62.0,39.0,0.0,0.0,0.0
29037,11/5/2017,63.0,68.0,58.0,1.03,0.0,0.0
29038,11/6/2017,52.0,61.0,43.0,0.3,0.0,0.0
29039,11/7/2017,45.0,49.0,41.0,0.0,0.0,0.0
29040,11/8/2017,44.0,51.0,32.0,0.0,0.0,0.0
29041,11/9/2017,39.0,53.0,29.0,0.0,0.0,0.0
29042,11/10/2017,32.0,35.0,23.0,0.02,0.2,0.0
29043,11/11/2017,27.0,38.0,20.0,0.0,0.0,0.0
29044,11/12/2017,35.0,47.0,27.0,0.01,0.0,0.0
29045,11/13/2017,42.0,44.0,39.0,0.01,0.0,0.0
29046,11/14/2017,41.0,50.0,33.0,0.0,0.0,0.0
29047,11/15/2017,39.0,49.0,32.0,0.18,0.0,0.0
29048,11/16/2017,44.0,49.0,39.0,0.03,0.0,0.0
29049,11/17/2017,41.0,47.0,38.0,0.0,0.0,0.0
29050,11/18/2017,47.0,57.0,37.0,2.46,0.0,0.0
29051,11/19/2017,40.0,41.0,32.0,0.14,0.6,0.0
29052,11/20/2017,36.0,47.0,29.0,0.0,0.0,0.0
29053,11/21/2017,45.0,56.0,37.0,0.14,0.0,0.0
29054,11/22/2017,37.0,39.0,30.0,0.01,0.0,0.0
29055,11/23/2017,33.0,40.0,26.0,0.0,0.0,0.0
29056,11/24/2017,40.0,54.0,33.0,0.0,0.0,0.0
29057,11/25/2017,50.0,53.0,41.0,0.0,0.0,0.0
29058,11/26/2017,40.0,43.0,32.0,0.0,0.0,0.0
29059,11/27/2017,42.0,54.0,35.0,0.0,0.0,0.0
29060,11/28/2017,53.0,66.0,47.0,0.0,0.0,0.0
29061,11/29/2017,50.0,59.0,34.0,0.0,0.0,0.0
29062,11/30/2017,44.0,55.0,34.0,0.13,0.0,0.0
29063,12/1/2017,39.0,48.0,29.0,0.0,0.0,0.0
29064,12/2/2017,37.0,50.0,27.0,0.0,0.0,0.0
29065,12/3/2017,41.0,55.0,30.0,0.0,0.0,0.0
29066,12/4/2017,44.0,59.0,32.0,0.0,0.0,0.0
29067,12/5/2017,51.0,57.0,32.0,0.21,0.0,0.0
29068,12/6/2017,33.0,42.0,28.0,0.0,0.0,0.0
29069,12/7/2017,30.0,35.0,25.0,0.0,0.0,0.0
29070,12/8/2017,26.0,33.0,20.0,0.0,0.0,0.0
29071,12/9/2017,27.0,34.0,20.0,0.02,0.4,0.0
29072,12/10/2017,28.0,31.0,25.0,0.0,0.0,0.0
29073,12/11/2017,30.0,35.0,29.0,0.02,0.2,0.0
29074,12/12/2017,28.0,35.0,18.0,0.14,1.4,1.2
29075,12/13/2017,20.0,25.0,17.0,0.22,3.0,1.2
29076,12/14/2017,25.0,28.0,10.0,0.09,1.4,5.1
29077,12/15/2017,17.0,28.0,6.0,0.0,0.0,3.9
29078,12/16/2017,33.0,41.0,27.0,0.01,0.5,3.9
29079,12/17/2017,31.0,39.0,23.0,0.0,0.0,2.0
29080,12/18/2017,40.0,45.0,38.0,0.02,0.0,1.2
29081,12/19/2017,47.0,52.0,37.0,0.0,0.0,0.0
29082,12/20/2017,37.0,40.0,26.0,0.0,0.0,0.0
29083,12/21/2017,33.0,39.0,30.0,0.0,0.0,0.0
29084,12/22/2017,39.0,43.0,37.0,0.07,0.0,0.0
29085,12/23/2017,37.0,39.0,29.0,0.48,1.6,0.0
29086,12/24/2017,31.0,33.0,27.0,0.18,2.0,1.2
29087,12/25/2017,24.0,28.0,13.0,0.02,0.6,3.1
29088,12/26/2017,13.0,15.0,9.0,0.0,0.0,3.1
29089,12/27/2017,10.0,13.0,4.0,0.09,2.0,3.1
29090,12/28/2017,11.0,18.0,7.0,0.01,0.1,3.1
29091,12/29/2017,15.0,19.0,14.0,0.05,1.0,3.1
29092,12/30/2017,16.0,18.0,14.0,0.1,3.0,5.1
29093,12/31/2017,13.0,19.0,3.0,0.0,0.0,5.1
29094,1/1/2018,6.0,12.0,0.0,0.01,0.9,3.9
29095,1/2/2018,8.0,14.0,5.0,0.0,0.0,3.9
29096,1/3/2018,11.0,21.0,4.0,0.01,0.1,3.9
29097,1/4/2018,15.0,19.0,4.0,0.01,0.3,3.9
29098,1/5/2018,5.0,10.0,-2.0,0.0,0.0,3.9
29099,1/6/2018,7.0,12.0,-1.0,0.0,0.1,3.9
29100,1/7/2018,9.0,31.0,-5.0,0.0,0.0,3.9
29101,1/8/2018,33.0,37.0,31.0,0.25,1.9,3.9
29102,1/9/2018,32.0,35.0,25.0,0.0,0.0,3.9
29103,1/10/2018,35.0,54.0,25.0,0.01,0.0,3.1
29104,1/11/2018,55.0,62.0,53.0,0.16,0.0,0.0
29105,1/12/2018,47.0,60.0,20.0,0.76,2.3,0.0
29106,1/13/2018,19.0,20.0,16.0,0.07,2.0,3.1
29107,1/14/2018,15.0,19.0,10.0,0.0,0.0,3.9
29108,1/15/2018,16.0,28.0,9.0,0.03,0.5,3.9
29109,1/16/2018,17.0,26.0,3.0,0.0,0.0,3.1
29110,1/17/2018,10.0,20.0,2.0,0.0,0.0,3.1
29111,1/18/2018,19.0,31.0,14.0,0.0,0.0,3.1
29112,1/19/2018,30.0,39.0,23.0,0.0,0.0,2.0
29113,1/20/2018,39.0,43.0,36.0,0.0,0.0,2.0
29114,1/21/2018,41.0,48.0,37.0,0.04,0.0,1.2
29115,1/22/2018,52.0,62.0,47.0,0.14,0.0,0.0
29116,1/23/2018,45.0,56.0,31.0,0.25,0.2,0.0
29117,1/24/2018,30.0,31.0,26.0,0.05,0.4,0.0
29118,1/25/2018,29.0,35.0,25.0,0.0,0.2,1.2
29119,1/26/2018,39.0,54.0,31.0,0.0,0.0,0.0
29120,1/27/2018,48.0,51.0,37.0,0.23,0.0,0.0
29121,1/28/2018,39.0,49.0,27.0,0.0,0.0,0.0
29122,1/29/2018,33.0,39.0,21.0,0.23,2.8,0.0
29123,1/30/2018,21.0,22.0,16.0,0.02,0.3,2.0
29124,1/31/2018,26.0,43.0,16.0,0.0,0.0,2.0
29125,2/1/2018,40.0,44.0,18.0,0.0,0.0,0.0
29126,2/2/2018,18.0,19.0,14.0,0.0,0.0,0.0
29127,2/3/2018,22.0,35.0,14.0,0.0,0.0,0.0
29128,2/4/2018,35.0,38.0,19.0,0.21,0.9,0.0
29129,2/5/2018,19.0,22.0,12.0,0.01,0.1,1.2
29130,2/6/2018,22.0,26.0,20.0,0.08,1.7,3.1
29131,2/7/2018,22.0,23.0,18.0,0.12,1.7,2.0
29132,2/8/2018,20.0,21.0,11.0,0.0,0.0,2.0
29133,2/9/2018,24.0,42.0,13.0,0.11,1.3,3.1
29134,2/10/2018,31.0,34.0,26.0,0.09,0.1,1.2
29135,2/11/2018,30.0,41.0,27.0,0.11,0.0,1.2
29136,2/12/2018,26.0,29.0,18.0,0.0,0.0,1.2
29137,2/13/2018,24.0,38.0,16.0,0.0,0.0,0.0
29138,2/14/2018,40.0,48.0,35.0,0.04,0.0,0.0
29139,2/15/2018,52.0,61.0,48.0,0.39,0.0,0.0
29140,2/16/2018,40.0,48.0,30.0,0.11,0.0,0.0
29141,2/17/2018,31.0,34.0,29.0,0.04,0.6,0.0
29142,2/18/2018,35.0,44.0,32.0,0.03,0.4,1.2
29143,2/19/2018,44.0,65.0,35.0,0.68,0.0,0.0
29144,2/20/2018,66.0,73.0,63.0,0.03,0.0,0.0
29145,2/21/2018,56.0,69.0,33.0,0.32,0.1,0.0
29146,2/22/2018,35.0,42.0,32.0,0.18,0.2,0.0
29147,2/23/2018,46.0,62.0,37.0,0.02,0.0,0.0
29148,2/24/2018,43.0,48.0,37.0,0.36,0.0,0.0
29149,2/25/2018,48.0,60.0,37.0,0.18,0.0,0.0
29150,2/26/2018,41.0,52.0,32.0,0.0,0.0,0.0
29151,2/27/2018,46.0,59.0,36.0,0.0,0.0,0.0
29152,2/28/2018,48.0,57.0,40.0,0.14,0.0,0.0
29153,3/1/2018,43.0,49.0,33.0,1.47,2.4,0.0
29154,3/2/2018,34.0,36.0,30.0,0.09,0.3,3.1
29155,3/3/2018,32.0,35.0,29.0,0.0,0.0,2.0
29156,3/4/2018,32.0,37.0,27.0,0.0,0.0,0.0
29157,3/5/2018,31.0,37.0,24.0,0.0,0.0,0.0
29158,3/6/2018,37.0,50.0,32.0,0.01,0.0,0.0
29159,3/7/2018,36.0,39.0,29.0,0.1,0.8,0.0
29160,3/8/2018,28.0,32.0,21.0,0.12,2.1,1.2
29161,3/9/2018,29.0,32.0,26.0,0.12,2.1,3.1
29162,3/10/2018,28.0,36.0,18.0,0.0,0.0,3.1
29163,3/11/2018,29.0,35.0,19.0,0.0,0.0,0.0
29164,3/12/2018,29.0,35.0,21.0,0.02,0.3,0.0
29165,3/13/2018,31.0,36.0,28.0,0.06,0.6,0.0
29166,3/14/2018,29.0,37.0,26.0,0.0,0.0,0.0
29167,3/15/2018,35.0,38.0,28.0,0.0,0.0,0.0
29168,3/16/2018,29.0,34.0,23.0,0.0,0.0,0.0
29169,3/17/2018,31.0,43.0,22.0,0.0,0.0,0.0
29170,3/18/2018,36.0,56.0,21.0,0.0,0.0,0.0
29171,3/19/2018,38.0,42.0,30.0,0.0,0.0,0.0
29172,3/20/2018,33.0,41.0,29.0,0.06,1.1,0.0
29173,3/21/2018,32.0,36.0,29.0,0.22,2.8,3.9
29174,3/22/2018,34.0,40.0,26.0,0.0,0.0,1.2
29175,3/23/2018,33.0,40.0,24.0,0.0,0.0,0.0
29176,3/24/2018,33.0,40.0,24.0,0.0,0.0,0.0
29177,3/25/2018,32.0,40.0,26.0,0.0,0.0,0.0
29178,3/26/2018,42.0,57.0,32.0,0.0,0.0,0.0
29179,3/27/2018,46.0,53.0,40.0,0.68,0.0,0.0
29180,3/28/2018,45.0,53.0,40.0,0.05,0.0,0.0
29181,3/29/2018,44.0,51.0,38.0,0.87,0.0,0.0
29182,3/30/2018,37.0,39.0,27.0,0.12,0.2,0.0
29183,3/31/2018,38.0,54.0,26.0,0.02,0.0,0.0
29184,4/1/2018,40.0,43.0,32.0,0.03,0.0,0.0
29185,4/2/2018,36.0,44.0,29.0,0.0,0.0,0.0
29186,4/3/2018,43.0,61.0,39.0,1.17,0.0,0.0
29187,4/4/2018,45.0,61.0,31.0,0.07,0.0,0.0
29188,4/5/2018,34.0,43.0,28.0,0.04,1.7,2.0
29189,4/6/2018,40.0,47.0,31.0,0.08,0.1,0.0
29190,4/7/2018,33.0,38.0,27.0,0.0,0.0,0.0
29191,4/8/2018,33.0,37.0,29.0,0.01,0.1,0.0
29192,4/9/2018,33.0,36.0,25.0,0.0,0.0,0.0
29193,4/10/2018,33.0,45.0,24.0,0.0,0.0,0.0
29194,4/11/2018,41.0,59.0,33.0,0.02,0.0,0.0
29195,4/12/2018,58.0,78.0,45.0,0.06,0.0,0.0
29196,4/13/2018,62.0,81.0,43.0,0.0,0.0,0.0
29197,4/14/2018,46.0,51.0,36.0,0.26,0.0,0.0
29198,4/15/2018,42.0,61.0,36.0,1.97,0.0,0.0
29199,4/16/2018,40.0,44.0,33.0,0.04,0.0,0.0
29200,4/17/2018,34.0,36.0,32.0,0.01,0.3,0.0
29201,4/18/2018,36.0,46.0,33.0,0.02,0.0,0.0
29202,4/19/2018,38.0,47.0,32.0,0.08,1.1,0.0
29203,4/20/2018,39.0,50.0,28.0,0.0,0.0,0.0
29204,4/21/2018,41.0,52.0,28.0,0.0,0.0,0.0
29205,4/22/2018,46.0,58.0,35.0,0.0,0.0,0.0
29206,4/23/2018,60.0,77.0,48.0,0.0,0.0,0.0
29207,4/24/2018,57.0,59.0,53.0,0.27,0.0,0.0
29208,4/25/2018,51.0,53.0,38.0,0.04,0.0,0.0
29209,4/26/2018,45.0,57.0,34.0,0.0,0.0,0.0
29210,4/27/2018,53.0,69.0,41.0,0.04,0.0,0.0
29211,4/28/2018,44.0,44.0,35.0,0.17,0.0,0.0
29212,4/29/2018,41.0,52.0,30.0,0.0,0.0,0.0
29213,4/30/2018,51.0,69.0,34.0,0.0,0.0,0.0
29214,5/1/2018,66.0,82.0,53.0,0.0,0.0,0.0
29215,5/2/2018,73.0,84.0,63.0,0.0,0.0,0.0
29216,5/3/2018,71.0,77.0,64.0,0.71,0.0,0.0
29217,5/4/2018,72.0,83.0,56.0,0.06,0.0,0.0
29218,5/5/2018,63.0,75.0,49.0,0.0,0.0,0.0
29219,5/6/2018,65.0,76.0,53.0,0.03,0.0,0.0
29220,5/7/2018,56.0,62.0,47.0,0.0,0.0,0.0
29221,5/8/2018,57.0,71.0,43.0,0.0,0.0,0.0
29222,5/9/2018,68.0,83.0,52.0,0.0,0.0,0.0
29223,5/10/2018,70.0,75.0,54.0,0.18,0.0,0.0
29224,5/11/2018,53.0,57.0,46.0,0.0,0.0,0.0
29225,5/12/2018,52.0,59.0,48.0,0.11,0.0,0.0
29226,5/13/2018,53.0,66.0,47.0,0.94,0.0,0.0
29227,5/14/2018,61.0,78.0,52.0,0.41,0.0,0.0
29228,5/15/2018,68.0,77.0,58.0,0.22,0.0,0.0
29229,5/16/2018,63.0,72.0,55.0,0.0,0.0,0.0
29230,5/17/2018,65.0,76.0,54.0,0.0,0.0,0.0
29231,5/18/2018,62.0,77.0,56.0,0.0,0.0,0.0
29232,5/19/2018,71.0,81.0,64.0,1.36,0.0,0.0
29233,5/20/2018,63.0,68.0,56.0,0.02,0.0,0.0
29234,5/21/2018,60.0,71.0,52.0,0.55,0.0,0.0
29235,5/22/2018,67.0,79.0,59.0,0.96,0.0,0.0
29236,5/23/2018,63.0,76.0,54.0,0.0,0.0,0.0
29237,5/24/2018,67.0,80.0,52.0,0.0,0.0,0.0
29238,5/25/2018,71.0,85.0,54.0,0.0,0.0,0.0
29239,5/26/2018,73.0,83.0,62.0,0.07,0.0,0.0
29240,5/27/2018,75.0,87.0,66.0,0.0,0.0,0.0
29241,5/28/2018,81.0,93.0,70.0,0.0,0.0,0.0
29242,5/29/2018,80.0,91.0,68.0,0.0,0.0,0.0
29243,5/30/2018,80.0,86.0,73.0,0.0,0.0,0.0
29244,5/31/2018,79.0,87.0,73.0,0.1,0.0,0.0
29245,6/1/2018,75.0,80.0,63.0,0.0,0.0,0.0
29246,6/2/2018,65.0,71.0,60.0,0.0,0.0,0.0
29247,6/3/2018,67.0,81.0,56.0,0.71,0.0,0.0
29248,6/4/2018,67.0,72.0,59.0,0.0,0.0,0.0
29249,6/5/2018,63.0,68.0,54.0,0.01,0.0,0.0
29250,6/6/2018,58.0,66.0,52.0,0.0,0.0,0.0
29251,6/7/2018,65.0,80.0,54.0,0.0,0.0,0.0
29252,6/8/2018,73.0,83.0,62.0,0.0,0.0,0.0
29253,6/9/2018,72.0,79.0,66.0,0.18,0.0,0.0
29254,6/10/2018,70.0,73.0,65.0,0.62,0.0,0.0
29255,6/11/2018,66.0,72.0,62.0,0.03,0.0,0.0
29256,6/12/2018,70.0,78.0,60.0,0.01,0.0,0.0
29257,6/13/2018,76.0,86.0,67.0,0.02,0.0,0.0
29258,6/14/2018,72.0,82.0,56.0,0.0,0.0,0.0
29259,6/15/2018,71.0,79.0,57.0,0.0,0.0,0.0
29260,6/16/2018,74.0,86.0,65.0,0.0,0.0,0.0
29261,6/17/2018,79.0,94.0,65.0,0.0,0.0,0.0
29262,6/18/2018,86.0,94.0,75.0,0.51,0.0,0.0
29263,6/19/2018,75.0,78.0,69.0,0.82,0.0,0.0
29264,6/20/2018,71.0,74.0,65.0,0.18,0.0,0.0
29265,6/21/2018,69.0,79.0,59.0,0.0,0.0,0.0
29266,6/22/2018,70.0,74.0,67.0,0.25,0.0,0.0
29267,6/23/2018,71.0,81.0,67.0,0.17,0.0,0.0
29268,6/24/2018,72.0,80.0,66.0,0.02,0.0,0.0
29269,6/25/2018,69.0,75.0,61.0,0.0,0.0,0.0
29270,6/26/2018,70.0,84.0,57.0,0.0,0.0,0.0
29271,6/27/2018,73.0,81.0,68.0,0.3,0.0,0.0
29272,6/28/2018,74.0,81.0,69.0,0.0,0.0,0.0
29273,6/29/2018,78.0,90.0,65.0,0.0,0.0,0.0
29274,6/30/2018,83.0,92.0,74.0,0.0,0.0,0.0
29275,7/1/2018,84.0,94.0,70.0,0.0,0.0,0.0
29276,7/2/2018,84.0,92.0,76.0,0.01,0.0,0.0
29277,7/3/2018,80.0,89.0,73.0,1.22,0.0,0.0
29278,7/4/2018,82.0,92.0,73.0,0.0,0.0,0.0
29279,7/5/2018,81.0,89.0,73.0,2.03,0.0,0.0
29280,7/6/2018,73.0,76.0,66.0,0.31,0.0,0.0
29281,7/7/2018,70.0,78.0,62.0,0.0,0.0,0.0
29282,7/8/2018,72.0,83.0,58.0,0.0,0.0,0.0
29283,7/9/2018,75.0,89.0,61.0,0.0,0.0,0.0
29284,7/10/2018,78.0,87.0,68.0,0.0,0.0,0.0
29285,7/11/2018,75.0,80.0,66.0,0.0,0.0,0.0
29286,7/12/2018,73.0,84.0,59.0,0.0,0.0,0.0
29287,7/13/2018,76.0,88.0,61.0,0.0,0.0,0.0
29288,7/14/2018,80.0,92.0,68.0,0.0,0.0,0.0
29289,7/15/2018,83.0,91.0,76.0,0.0,0.0,0.0
29290,7/16/2018,82.0,91.0,73.0,0.81,0.0,0.0
29291,7/17/2018,77.0,83.0,71.0,0.0,0.0,0.0
29292,7/18/2018,73.0,77.0,61.0,0.0,0.0,0.0
29293,7/19/2018,71.0,85.0,58.0,0.0,0.0,0.0
29294,7/20/2018,76.0,84.0,68.0,0.01,0.0,0.0
29295,7/21/2018,73.0,81.0,67.0,0.09,0.0,0.0
29296,7/22/2018,70.0,73.0,67.0,0.03,0.0,0.0
29297,7/23/2018,72.0,84.0,68.0,1.12,0.0,0.0
29298,7/24/2018,73.0,82.0,68.0,0.01,0.0,0.0
29299,7/25/2018,76.0,83.0,70.0,0.0,0.0,0.0
29300,7/26/2018,76.0,86.0,66.0,0.92,0.0,0.0
29301,7/27/2018,71.0,80.0,62.0,0.0,0.0,0.0
29302,7/28/2018,71.0,78.0,61.0,0.02,0.0,0.0
29303,7/29/2018,71.0,82.0,63.0,0.0,0.0,0.0
29304,7/30/2018,73.0,80.0,67.0,0.0,0.0,0.0
29305,7/31/2018,74.0,80.0,68.0,0.1,0.0,0.0
29306,8/1/2018,73.0,76.0,70.0,0.0,0.0,0.0
29307,8/2/2018,74.0,83.0,68.0,0.0,0.0,0.0
29308,8/3/2018,76.0,87.0,67.0,0.0,0.0,0.0
29309,8/4/2018,78.0,88.0,66.0,0.0,0.0,0.0
29310,8/5/2018,80.0,92.0,70.0,0.0,0.0,0.0
29311,8/6/2018,82.0,93.0,70.0,1.79,0.0,0.0
29312,8/7/2018,76.0,83.0,70.0,0.95,0.0,0.0
29313,8/8/2018,76.0,84.0,72.0,0.01,0.0,0.0
29314,8/9/2018,76.0,85.0,68.0,0.0,0.0,0.0
29315,8/10/2018,76.0,83.0,70.0,0.0,0.0,0.0
29316,8/11/2018,73.0,81.0,62.0,0.0,0.0,0.0
29317,8/12/2018,73.0,81.0,64.0,0.0,0.0,0.0
29318,8/13/2018,73.0,82.0,64.0,0.0,0.0,0.0
29319,8/14/2018,76.0,86.0,67.0,0.0,0.0,0.0
29320,8/15/2018,77.0,87.0,68.0,0.0,0.0,0.0
29321,8/16/2018,77.0,83.0,73.0,0.01,0.0,0.0
29322,8/17/2018,76.0,80.0,70.0,0.09,0.0,0.0
29323,8/18/2018,74.0,81.0,69.0,0.06,0.0,0.0
29324,8/19/2018,72.0,79.0,64.0,0.0,0.0,0.0
29325,8/20/2018,72.0,85.0,61.0,0.0,0.0,0.0
29326,8/21/2018,76.0,83.0,70.0,1.07,0.0,0.0
29327,8/22/2018,70.0,73.0,58.0,0.0,0.0,0.0
29328,8/23/2018,68.0,80.0,56.0,0.01,0.0,0.0
29329,8/24/2018,70.0,82.0,58.0,0.0,0.0,0.0
29330,8/25/2018,74.0,81.0,71.0,0.01,0.0,0.0
29331,8/26/2018,77.0,87.0,71.0,0.13,0.0,0.0
29332,8/27/2018,81.0,91.0,75.0,0.0,0.0,0.0
29333,8/28/2018,84.0,92.0,75.0,0.0,0.0,0.0
29334,8/29/2018,81.0,92.0,70.0,0.75,0.0,0.0
29335,8/30/2018,72.0,77.0,67.0,0.01,0.0,0.0
29336,8/31/2018,71.0,81.0,61.0,0.0,0.0,0.0
29337,9/1/2018,77.0,88.0,68.0,0.15,0.0,0.0
29338,9/2/2018,80.0,90.0,73.0,0.0,0.0,0.0
29339,9/3/2018,83.0,93.0,74.0,0.01,0.0,0.0
29340,9/4/2018,81.0,94.0,72.0,0.0,0.0,0.0
29341,9/5/2018,84.0,95.0,74.0,0.0,0.0,0.0
29342,9/6/2018,77.0,81.0,73.0,0.23,0.0,0.0
29343,9/7/2018,74.0,80.0,70.0,0.02,0.0,0.0
29344,9/8/2018,66.0,70.0,60.0,0.24,0.0,0.0
29345,9/9/2018,60.0,63.0,57.0,1.65,0.0,0.0
29346,9/10/2018,63.0,69.0,58.0,0.18,0.0,0.0
29347,9/11/2018,64.0,69.0,62.0,0.06,0.0,0.0
29348,9/12/2018,69.0,76.0,65.0,0.0,0.0,0.0
29349,9/13/2018,71.0,82.0,62.0,0.0,0.0,0.0
29350,9/14/2018,75.0,84.0,69.0,0.0,0.0,0.0
29351,9/15/2018,76.0,86.0,69.0,0.0,0.0,0.0
29352,9/16/2018,77.0,86.0,68.0,0.0,0.0,0.0
29353,9/17/2018,75.0,78.0,68.0,0.0,0.0,0.0
29354,9/18/2018,75.0,86.0,66.0,0.0,0.0,0.0
29355,9/19/2018,73.0,76.0,62.0,0.07,0.0,0.0
29356,9/20/2018,72.0,87.0,60.0,0.0,0.0,0.0
29357,9/21/2018,81.0,91.0,67.0,0.01,0.0,0.0
29358,9/22/2018,65.0,67.0,54.0,0.0,0.0,0.0
29359,9/23/2018,60.0,71.0,49.0,0.0,0.0,0.0
29360,9/24/2018,63.0,72.0,57.0,0.33,0.0,0.0
29361,9/25/2018,69.0,76.0,66.0,0.15,0.0,0.0
29362,9/26/2018,70.0,75.0,54.0,1.24,0.0,0.0
29363,9/27/2018,58.0,67.0,51.0,0.0,0.0,0.0
29364,9/28/2018,60.0,74.0,49.0,0.0,0.0,0.0
29365,9/29/2018,60.0,63.0,49.0,0.0,0.0,0.0
29366,9/30/2018,60.0,77.0,50.0,0.0,0.0,0.0
29367,10/1/2018,68.0,81.0,58.0,0.0,0.0,0.0
29368,10/2/2018,74.0,78.0,63.0,0.06,0.0,0.0
29369,10/3/2018,69.0,83.0,57.0,0.0,0.0,0.0
29370,10/4/2018,72.0,77.0,54.0,0.0,0.0,0.0
29371,10/5/2018,57.0,64.0,50.0,0.04,0.0,0.0
29372,10/6/2018,72.0,85.0,64.0,0.63,0.0,0.0
29373,10/7/2018,69.0,70.0,66.0,0.23,0.0,0.0
29374,10/8/2018,76.0,89.0,67.0,0.0,0.0,0.0
29375,10/9/2018,79.0,86.0,70.0,0.0,0.0,0.0
29376,10/10/2018,75.0,84.0,68.0,0.0,0.0,0.0
29377,10/11/2018,66.0,73.0,52.0,0.0,0.0,0.0
29378,10/12/2018,51.0,54.0,44.0,0.1,0.0,0.0
29379,10/13/2018,45.0,52.0,41.0,0.51,0.0,0.0
29380,10/14/2018,48.0,61.0,41.0,0.0,0.0,0.0
29381,10/15/2018,55.0,57.0,44.0,0.0,0.0,0.0
29382,10/16/2018,46.0,56.0,36.0,0.0,0.0,0.0
29383,10/17/2018,48.0,56.0,43.0,0.0,0.0,0.0
29384,10/18/2018,45.0,50.0,39.0,0.0,0.0,0.0
29385,10/19/2018,47.0,60.0,40.0,0.01,0.0,0.0
29386,10/20/2018,51.0,60.0,41.0,0.34,0.0,0.0
29387,10/21/2018,41.0,44.0,32.0,0.0,0.0,0.0
29388,10/22/2018,44.0,57.0,36.0,0.0,0.0,0.0
29389,10/23/2018,48.0,55.0,43.0,0.0,0.0,0.0
29390,10/24/2018,46.0,49.0,41.0,0.0,0.0,0.0
29391,10/25/2018,43.0,50.0,33.0,0.0,0.0,0.0
29392,10/26/2018,45.0,52.0,42.0,0.09,0.0,0.0
29393,10/27/2018,46.0,48.0,44.0,0.41,0.0,0.0
29394,10/28/2018,46.0,50.0,41.0,1.08,0.0,0.0
29395,10/29/2018,46.0,51.0,39.0,0.0,0.0,0.0
29396,10/30/2018,46.0,59.0,36.0,0.0,0.0,0.0
29397,10/31/2018,58.0,62.0,52.0,0.28,0.0,0.0
29398,11/1/2018,49.0,52.0,46.0,2.12,0.0,0.0
29399,11/2/2018,48.0,50.0,44.0,0.36,0.0,0.0
29400,11/3/2018,44.0,49.0,36.0,0.52,0.0,0.0
29401,11/4/2018,45.0,58.0,35.0,0.0,0.0,0.0
29402,11/5/2018,54.0,61.0,48.0,0.09,0.0,0.0
29403,11/6/2018,56.0,61.0,48.0,0.15,0.0,0.0
29404,11/7/2018,45.0,49.0,39.0,0.0,0.0,0.0
29405,11/8/2018,40.0,43.0,37.0,0.0,0.0,0.0
29406,11/9/2018,38.0,40.0,34.0,0.21,0.2,0.0
29407,11/10/2018,30.0,34.0,23.0,0.0,0.0,0.0
29408,11/11/2018,33.0,42.0,26.0,0.0,0.0,0.0
29409,11/12/2018,34.0,41.0,25.0,0.0,0.0,0.0
29410,11/13/2018,36.0,39.0,31.0,0.0,0.0,0.0
29411,11/14/2018,30.0,32.0,27.0,0.0,0.0,0.0
29412,11/15/2018,32.0,36.0,29.0,0.71,0.9,0.0
29413,11/16/2018,34.0,38.0,34.0,0.01,0.1,0.0
29414,11/17/2018,38.0,41.0,37.0,0.0,0.0,0.0
29415,11/18/2018,37.0,39.0,35.0,0.21,0.0,0.0
29416,11/19/2018,38.0,40.0,36.0,0.0,0.0,0.0
29417,11/20/2018,35.0,37.0,29.0,0.1,0.8,0.0
29418,11/21/2018,33.0,35.0,28.0,0.01,0.1,0.0
29419,11/22/2018,27.0,28.0,26.0,0.0,0.0,0.0
29420,11/23/2018,35.0,51.0,28.0,0.0,0.0,0.0
29421,11/24/2018,46.0,50.0,41.0,0.14,0.0,0.0
29422,11/25/2018,47.0,50.0,40.0,0.0,0.0,0.0
29423,11/26/2018,43.0,49.0,32.0,0.81,2.1,0.0
29424,11/27/2018,31.0,32.0,28.0,0.01,0.1,2.0
29425,11/28/2018,28.0,29.0,26.0,0.0,0.0,1.2
29426,11/29/2018,28.0,33.0,25.0,0.01,0.1,1.2
29427,11/30/2018,34.0,38.0,33.0,0.01,0.0,1.2
29428,12/1/2018,39.0,52.0,37.0,0.35,0.0,0.0
29429,12/2/2018,56.0,64.0,44.0,0.03,0.0,0.0
29430,12/3/2018,42.0,44.0,35.0,0.21,0.2,0.0
29431,12/4/2018,34.0,35.0,30.0,0.01,0.1,0.0
29432,12/5/2018,31.0,33.0,29.0,0.0,0.0,0.0
29433,12/6/2018,31.0,35.0,28.0,0.14,1.1,0.0
29434,12/7/2018,29.0,33.0,23.0,0.02,0.3,1.2
29435,12/8/2018,26.0,29.0,18.0,0.0,0.0,1.2
29436,12/9/2018,24.0,37.0,17.0,0.0,0.0,1.2
29437,12/10/2018,26.0,33.0,20.0,0.0,0.0,0.0
29438,12/11/2018,27.0,37.0,21.0,0.0,0.0,0.0
29439,12/12/2018,34.0,42.0,28.0,0.0,0.0,0.0
29440,12/13/2018,40.0,45.0,35.0,0.0,0.0,0.0
29441,12/14/2018,45.0,56.0,41.0,0.0,0.0,0.0
29442,12/15/2018,42.0,44.0,40.0,0.24,0.0,0.0
29443,12/16/2018,40.0,48.0,36.0,0.03,0.0,0.0
29444,12/17/2018,37.0,39.0,33.0,0.0,0.0,0.0
29445,12/18/2018,35.0,39.0,26.0,0.0,0.0,0.0
29446,12/19/2018,34.0,46.0,27.0,0.0,0.0,0.0
29447,12/20/2018,42.0,51.0,36.0,0.39,0.0,0.0
29448,12/21/2018,40.0,41.0,38.0,0.26,0.0,0.0
29449,12/22/2018,35.0,38.0,32.0,0.12,1.1,1.2
29450,12/23/2018,34.0,40.0,30.0,0.0,0.0,0.0
29451,12/24/2018,34.0,35.0,31.0,0.0,0.0,0.0
29452,12/25/2018,32.0,35.0,29.0,0.0,0.0,0.0
29453,12/26/2018,38.0,48.0,31.0,0.0,0.0,0.0
29454,12/27/2018,38.0,52.0,32.0,0.08,0.0,0.0
29455,12/28/2018,53.0,58.0,36.0,0.02,0.0,0.0
29456,12/29/2018,36.0,36.0,33.0,0.0,0.0,0.0
29457,12/30/2018,35.0,42.0,32.0,0.0,0.0,0.0
29458,12/31/2018,40.0,62.0,34.0,0.95,0.0,0.0
29459,1/1/2019,45.0,56.0,34.0,0.0,0.0,0.0
29460,1/2/2019,35.0,41.0,32.0,0.04,0.0,0.0
29461,1/3/2019,34.0,36.0,31.0,0.0,0.0,0.0
29462,1/4/2019,38.0,51.0,32.0,0.0,0.0,0.0
29463,1/5/2019,37.0,48.0,28.0,0.0,0.0,0.0
29464,1/6/2019,40.0,44.0,34.0,0.0,0.0,0.0
29465,1/7/2019,38.0,57.0,33.0,0.05,0.1,0.0
29466,1/8/2019,53.0,57.0,39.0,0.61,0.0,0.0
29467,1/9/2019,33.0,40.0,24.0,0.11,1.2,1.2
29468,1/10/2019,25.0,26.0,24.0,0.01,0.2,1.2
29469,1/11/2019,26.0,31.0,25.0,0.0,0.0,1.2
29470,1/12/2019,27.0,32.0,25.0,0.16,1.4,0.0
29471,1/13/2019,28.0,33.0,25.0,0.02,0.4,2.0
29472,1/14/2019,26.0,30.0,17.0,0.0,0.0,1.2
29473,1/15/2019,23.0,29.0,19.0,0.0,0.0,1.2
29474,1/16/2019,30.0,34.0,25.0,0.0,0.0,1.2
29475,1/17/2019,27.0,35.0,22.0,0.07,0.6,1.2
29476,1/18/2019,33.0,35.0,30.0,0.0,0.0,1.2
29477,1/19/2019,29.0,30.0,23.0,0.43,6.2,1.2
29478,1/20/2019,19.0,23.0,10.0,0.13,2.7,9.1
29479,1/21/2019,11.0,14.0,5.0,0.0,0.2,9.1
29480,1/22/2019,15.0,40.0,3.0,0.0,0.0,9.1
29481,1/23/2019,41.0,48.0,37.0,1.18,0.0,7.1
29482,1/24/2019,33.0,37.0,25.0,0.15,0.9,1.2
29483,1/25/2019,19.0,25.0,12.0,0.0,0.2,1.2
29484,1/26/2019,17.0,28.0,15.0,0.04,1.1,1.2
29485,1/27/2019,23.0,33.0,6.0,0.03,0.7,2.0
29486,1/28/2019,18.0,40.0,6.0,0.14,0.0,2.0
29487,1/29/2019,24.0,34.0,8.0,0.01,0.1,0.0
29488,1/30/2019,4.0,8.0,-3.0,0.0,0.0,0.0
29489,1/31/2019,1.0,8.0,-2.0,0.0,0.0,0.0
29490,2/1/2019,11.0,19.0,8.0,0.04,0.5,0.0
29491,2/2/2019,24.0,43.0,12.0,0.0,0.0,0.0
29492,2/3/2019,43.0,56.0,36.0,0.0,0.0,0.0
29493,2/4/2019,51.0,61.0,42.0,0.07,0.0,0.0
29494,2/5/2019,45.0,54.0,34.0,0.01,0.0,0.0
29495,2/6/2019,43.0,55.0,34.0,0.28,0.0,0.0
29496,2/7/2019,42.0,61.0,34.0,0.43,0.0,0.0
29497,2/8/2019,33.0,43.0,18.0,0.0,0.1,0.0
29498,2/9/2019,20.0,25.0,17.0,0.0,0.3,0.0
29499,2/10/2019,22.0,32.0,16.0,0.16,1.6,0.0
29500,2/11/2019,31.0,34.0,30.0,0.01,0.0,1.2
29501,2/12/2019,38.0,50.0,32.0,0.84,0.0,0.0
29502,2/13/2019,29.0,33.0,24.0,0.0,0.4,0.0
29503,2/14/2019,33.0,48.0,24.0,0.0,0.0,0.0
29504,2/15/2019,41.0,47.0,25.0,0.0,0.0,0.0
29505,2/16/2019,26.0,28.0,24.0,0.0,0.0,0.0
29506,2/17/2019,28.0,33.0,25.0,0.12,1.0,0.0
29507,2/18/2019,26.0,29.0,19.0,0.02,0.2,1.2
29508,2/19/2019,21.0,34.0,10.0,0.0,0.0,1.2
29509,2/20/2019,31.0,45.0,27.0,0.41,0.9,0.0
29510,2/21/2019,40.0,43.0,35.0,0.0,0.0,0.0
29511,2/22/2019,34.0,39.0,29.0,0.0,0.0,0.0
29512,2/23/2019,37.0,47.0,31.0,0.03,0.0,0.0
29513,2/24/2019,46.0,57.0,28.0,0.05,0.0,0.0
29514,2/25/2019,27.0,30.0,21.0,0.0,0.0,0.0
29515,2/26/2019,23.0,27.0,20.0,0.01,0.4,0.0
29516,2/27/2019,26.0,40.0,22.0,0.0,0.0,0.0
29517,2/28/2019,24.0,30.0,18.0,0.0,0.0,0.0
29518,3/1/2019,26.0,34.0,20.0,0.0,0.0,0.0
29519,3/2/2019,28.0,38.0,21.0,0.0,0.0,0.0
29520,3/3/2019,30.0,32.0,22.0,0.02,0.2,0.0
29521,3/4/2019,19.0,22.0,10.0,0.0,0.1,0.0
29522,3/5/2019,13.0,19.0,8.0,0.01,0.5,0.0
29523,3/6/2019,17.0,22.0,11.0,0.04,1.2,1.2
29524,3/7/2019,23.0,28.0,20.0,0.0,0.0,1.2
29525,3/8/2019,26.0,39.0,16.0,0.0,0.0,0.0
29526,3/9/2019,33.0,49.0,20.0,0.36,0.0,0.0
29527,3/10/2019,43.0,51.0,37.0,0.27,0.0,0.0
29528,3/11/2019,37.0,41.0,32.0,0.0,0.0,0.0
29529,3/12/2019,34.0,43.0,26.0,0.0,0.0,0.0
29530,3/13/2019,42.0,60.0,30.0,0.0,0.0,0.0
29531,3/14/2019,58.0,74.0,52.0,0.65,0.0,0.0
29532,3/15/2019,49.0,52.0,36.0,0.01,0.0,0.0
29533,3/16/2019,36.0,38.0,33.0,0.0,0.0,0.0
29534,3/17/2019,34.0,40.0,28.0,0.0,0.0,0.0
29535,3/18/2019,33.0,42.0,26.0,0.01,0.1,0.0
29536,3/19/2019,35.0,47.0,26.0,0.0,0.0,0.0
29537,3/20/2019,40.0,53.0,29.0,0.06,0.0,0.0
29538,3/21/2019,44.0,47.0,38.0,0.1,0.0,0.0
29539,3/22/2019,38.0,41.0,31.0,0.07,0.7,0.0
29540,3/23/2019,34.0,46.0,29.0,0.0,0.0,0.0
29541,3/24/2019,42.0,58.0,29.0,0.01,0.0,0.0
29542,3/25/2019,40.0,46.0,31.0,0.01,0.0,0.0
29543,3/26/2019,34.0,39.0,30.0,0.0,0.0,0.0
29544,3/27/2019,37.0,54.0,22.0,0.0,0.0,0.0
29545,3/28/2019,51.0,65.0,44.0,0.01,0.0,0.0
29546,3/29/2019,48.0,56.0,40.0,0.32,0.0,0.0
29547,3/30/2019,51.0,58.0,33.0,1.08,2.9,0.0
29548,3/31/2019,32.0,34.0,27.0,0.06,0.9,2.0
29549,4/1/2019,33.0,41.0,26.0,0.0,0.0,1.2
29550,4/2/2019,40.0,51.0,32.0,0.0,0.0,0.0
29551,4/3/2019,48.0,55.0,39.0,0.0,0.0,0.0
29552,4/4/2019,44.0,48.0,38.0,0.0,0.0,0.0
29553,4/5/2019,49.0,60.0,45.0,0.01,0.0,0.0
29554,4/6/2019,56.0,67.0,49.0,0.0,0.0,0.0
29555,4/7/2019,60.0,75.0,48.0,0.02,0.0,0.0
29556,4/8/2019,65.0,71.0,56.0,0.05,0.0,0.0
29557,4/9/2019,59.0,62.0,47.0,0.0,0.0,0.0
29558,4/10/2019,45.0,47.0,40.0,0.0,0.0,0.0
29559,4/11/2019,46.0,65.0,40.0,0.0,0.0,0.0
29560,4/12/2019,65.0,72.0,55.0,0.08,0.0,0.0
29561,4/13/2019,58.0,66.0,47.0,0.0,0.0,0.0
29562,4/14/2019,49.0,71.0,40.0,0.47,0.0,0.0
29563,4/15/2019,42.0,52.0,35.0,0.1,0.0,0.0
29564,4/16/2019,52.0,70.0,38.0,0.0,0.0,0.0
29565,4/17/2019,53.0,68.0,45.0,0.03,0.0,0.0
29566,4/18/2019,69.0,78.0,59.0,0.0,0.0,0.0
29567,4/19/2019,51.0,59.0,41.0,1.05,0.0,0.0
29568,4/20/2019,45.0,54.0,42.0,0.33,0.0,0.0
29569,4/21/2019,47.0,57.0,44.0,0.0,0.0,0.0
29570,4/22/2019,55.0,72.0,43.0,0.0,0.0,0.0
29571,4/23/2019,65.0,73.0,49.0,0.06,0.0,0.0
29572,4/24/2019,50.0,55.0,40.0,0.0,0.0,0.0
29573,4/25/2019,56.0,67.0,48.0,0.26,0.0,0.0
29574,4/26/2019,56.0,62.0,49.0,0.51,0.0,0.0
29575,4/27/2019,49.0,53.0,43.0,0.16,0.0,0.0
29576,4/28/2019,44.0,52.0,41.0,0.29,0.0,0.0
29577,4/29/2019,46.0,56.0,39.0,0.45,0.0,0.0
29578,4/30/2019,48.0,53.0,43.0,0.14,0.0,0.0
29579,5/1/2019,61.0,83.0,46.0,0.26,0.0,0.0
29580,5/2/2019,61.0,70.0,51.0,0.37,0.0,0.0
29581,5/3/2019,58.0,66.0,46.0,0.2,0.0,0.0
29582,5/4/2019,47.0,52.0,45.0,0.01,0.0,0.0
29583,5/5/2019,52.0,62.0,48.0,0.0,0.0,0.0
29584,5/6/2019,61.0,76.0,47.0,0.0,0.0,0.0
29585,5/7/2019,56.0,65.0,47.0,0.0,0.0,0.0
29586,5/8/2019,52.0,65.0,47.0,0.0,0.0,0.0
29587,5/9/2019,67.0,78.0,63.0,0.28,0.0,0.0
29588,5/10/2019,60.0,66.0,44.0,0.03,0.0,0.0
29589,5/11/2019,49.0,55.0,41.0,0.04,0.0,0.0
29590,5/12/2019,50.0,54.0,46.0,0.47,0.0,0.0
29591,5/13/2019,48.0,50.0,45.0,0.03,0.0,0.0
29592,5/14/2019,51.0,64.0,44.0,0.0,0.0,0.0
29593,5/15/2019,59.0,73.0,46.0,0.0,0.0,0.0
29594,5/16/2019,65.0,77.0,51.0,0.0,0.0,0.0
29595,5/17/2019,64.0,68.0,55.0,0.0,0.0,0.0
29596,5/18/2019,63.0,85.0,52.0,0.08,0.0,0.0
29597,5/19/2019,77.0,86.0,62.0,0.09,0.0,0.0
29598,5/20/2019,63.0,68.0,48.0,0.0,0.0,0.0
29599,5/21/2019,53.0,60.0,45.0,0.0,0.0,0.0
29600,5/22/2019,63.0,79.0,53.0,0.01,0.0,0.0
29601,5/23/2019,73.0,84.0,65.0,0.11,0.0,0.0
29602,5/24/2019,66.0,73.0,52.0,0.0,0.0,0.0
29603,5/25/2019,74.0,92.0,63.0,0.0,0.0,0.0
29604,5/26/2019,71.0,77.0,57.0,0.28,0.0,0.0
29605,5/27/2019,62.0,71.0,52.0,0.11,0.0,0.0
29606,5/28/2019,73.0,86.0,64.0,1.12,0.0,0.0
29607,5/29/2019,65.0,76.0,57.0,0.11,0.0,0.0
29608,5/30/2019,67.0,76.0,61.0,0.54,0.0,0.0
29609,5/31/2019,67.0,79.0,57.0,0.0,0.0,0.0
29610,6/1/2019,71.0,84.0,62.0,0.29,0.0,0.0
29611,6/2/2019,63.0,68.0,57.0,0.43,0.0,0.0
29612,6/3/2019,57.0,62.0,50.0,0.0,0.0,0.0
29613,6/4/2019,61.0,75.0,50.0,0.1,0.0,0.0
29614,6/5/2019,69.0,77.0,63.0,1.55,0.0,0.0
29615,6/6/2019,64.0,70.0,58.0,0.01,0.0,0.0
29616,6/7/2019,65.0,74.0,55.0,0.0,0.0,0.0
29617,6/8/2019,73.0,83.0,64.0,0.0,0.0,0.0
29618,6/9/2019,76.0,83.0,70.0,0.0,0.0,0.0
29619,6/10/2019,71.0,75.0,56.0,0.63,0.0,0.0
29620,6/11/2019,64.0,75.0,50.0,0.0,0.0,0.0
29621,6/12/2019,66.0,77.0,55.0,0.23,0.0,0.0
29622,6/13/2019,64.0,70.0,56.0,0.67,0.0,0.0
29623,6/14/2019,61.0,74.0,50.0,0.0,0.0,0.0
29624,6/15/2019,66.0,70.0,64.0,0.58,0.0,0.0
29625,6/16/2019,67.0,74.0,60.0,0.97,0.0,0.0
29626,6/17/2019,64.0,71.0,62.0,0.0,0.0,0.0
29627,6/18/2019,68.0,76.0,63.0,0.0,0.0,0.0
29628,6/19/2019,70.0,79.0,60.0,0.01,0.0,0.0
29629,6/20/2019,68.0,71.0,61.0,1.62,0.0,0.0
29630,6/21/2019,67.0,76.0,59.0,0.0,0.0,0.0
29631,6/22/2019,66.0,75.0,55.0,0.0,0.0,0.0
29632,6/23/2019,68.0,82.0,53.0,0.0,0.0,0.0
29633,6/24/2019,76.0,85.0,70.0,0.69,0.0,0.0
29634,6/25/2019,74.0,85.0,66.0,0.0,0.0,0.0
29635,6/26/2019,78.0,89.0,70.0,0.0,0.0,0.0
29636,6/27/2019,78.0,88.0,69.0,0.0,0.0,0.0
29637,6/28/2019,79.0,90.0,68.0,0.23,0.0,0.0
29638,6/29/2019,79.0,89.0,71.0,0.07,0.0,0.0
29639,6/30/2019,76.0,80.0,66.0,0.0,0.0,0.0
29640,7/1/2019,74.0,88.0,59.0,0.0,0.0,0.0
29641,7/2/2019,82.0,91.0,71.0,0.05,0.0,0.0
29642,7/3/2019,77.0,85.0,71.0,0.0,0.0,0.0
29643,7/4/2019,79.0,88.0,73.0,0.06,0.0,0.0
29644,7/5/2019,81.0,92.0,74.0,0.02,0.0,0.0
29645,7/6/2019,81.0,90.0,73.0,0.0,0.0,0.0
29646,7/7/2019,78.0,82.0,72.0,0.0,0.0,0.0
29647,7/8/2019,74.0,79.0,66.0,0.0,0.0,0.0
29648,7/9/2019,72.0,83.0,58.0,0.0,0.0,0.0
29649,7/10/2019,80.0,93.0,70.0,0.0,0.0,0.0
29650,7/11/2019,83.0,89.0,71.0,0.0,0.0,0.0
29651,7/12/2019,74.0,79.0,65.0,0.0,0.0,0.0
29652,7/13/2019,76.0,92.0,63.0,0.0,0.0,0.0
29653,7/14/2019,78.0,82.0,65.0,0.0,0.0,0.0
29654,7/15/2019,76.0,92.0,61.0,0.32,0.0,0.0
29655,7/16/2019,81.0,89.0,73.0,0.26,0.0,0.0
29656,7/17/2019,77.0,84.0,72.0,0.79,0.0,0.0
29657,7/18/2019,80.0,90.0,69.0,0.0,0.0,0.0
29658,7/19/2019,84.0,94.0,78.0,0.0,0.0,0.0
29659,7/20/2019,86.0,95.0,77.0,0.03,0.0,0.0
29660,7/21/2019,82.0,88.0,70.0,0.45,0.0,0.0
29661,7/22/2019,72.0,77.0,66.0,0.54,0.0,0.0
29662,7/23/2019,72.0,77.0,65.0,0.0,0.0,0.0
29663,7/24/2019,70.0,76.0,62.0,0.01,0.0,0.0
29664,7/25/2019,71.0,82.0,60.0,0.0,0.0,0.0
29665,7/26/2019,74.0,84.0,62.0,0.0,0.0,0.0
29666,7/27/2019,76.0,87.0,65.0,0.0,0.0,0.0
29667,7/28/2019,80.0,89.0,73.0,0.0,0.0,0.0
29668,7/29/2019,81.0,90.0,72.0,0.03,0.0,0.0
29669,7/30/2019,77.0,85.0,71.0,0.06,0.0,0.0
29670,7/31/2019,75.0,81.0,66.0,0.0,0.0,0.0
29671,8/1/2019,73.0,82.0,62.0,0.0,0.0,0.0
29672,8/2/2019,73.0,82.0,62.0,0.0,0.0,0.0
29673,8/3/2019,74.0,84.0,61.0,0.0,0.0,0.0
29674,8/4/2019,74.0,88.0,62.0,0.0,0.0,0.0
29675,8/5/2019,77.0,87.0,65.0,0.0,0.0,0.0
29676,8/6/2019,76.0,88.0,69.0,0.9,0.0,0.0
29677,8/7/2019,72.0,82.0,67.0,0.04,0.0,0.0
29678,8/8/2019,75.0,83.0,67.0,0.0,0.0,0.0
29679,8/9/2019,72.0,80.0,62.0,0.0,0.0,0.0
29680,8/10/2019,70.0,79.0,61.0,0.0,0.0,0.0
29681,8/11/2019,71.0,83.0,59.0,0.0,0.0,0.0
29682,8/12/2019,73.0,82.0,65.0,0.01,0.0,0.0
29683,8/13/2019,74.0,78.0,70.0,0.27,0.0,0.0
29684,8/14/2019,74.0,81.0,65.0,0.0,0.0,0.0
29685,8/15/2019,74.0,83.0,65.0,0.04,0.0,0.0
29686,8/16/2019,74.0,82.0,69.0,0.0,0.0,0.0
29687,8/17/2019,76.0,87.0,69.0,0.44,0.0,0.0
29688,8/18/2019,78.0,91.0,68.0,0.91,0.0,0.0
29689,8/19/2019,76.0,84.0,66.0,0.09,0.0,0.0
29690,8/20/2019,78.0,90.0,68.0,0.0,0.0,0.0
29691,8/21/2019,77.0,86.0,72.0,0.0,0.0,0.0
29692,8/22/2019,72.0,76.0,65.0,0.37,0.0,0.0
29693,8/23/2019,68.0,75.0,62.0,0.0,0.0,0.0
29694,8/24/2019,68.0,74.0,62.0,0.0,0.0,0.0
29695,8/25/2019,68.0,79.0,58.0,0.0,0.0,0.0
29696,8/26/2019,69.0,80.0,62.0,0.02,0.0,0.0
29697,8/27/2019,70.0,75.0,67.0,0.14,0.0,0.0
29698,8/28/2019,72.0,80.0,62.0,0.0,0.0,0.0
29699,8/29/2019,69.0,81.0,57.0,0.0,0.0,0.0
29700,8/30/2019,74.0,80.0,62.0,0.0,0.0,0.0
29701,8/31/2019,67.0,76.0,58.0,0.0,0.0,0.0
29702,9/1/2019,69.0,79.0,63.0,0.21,0.0,0.0
29703,9/2/2019,70.0,81.0,66.0,0.03,0.0,0.0
29704,9/3/2019,72.0,83.0,61.0,0.0,0.0,0.0
29705,9/4/2019,74.0,77.0,58.0,0.0,0.0,0.0
29706,9/5/2019,64.0,74.0,52.0,0.0,0.0,0.0
29707,9/6/2019,63.0,76.0,50.0,0.0,0.0,0.0
29708,9/7/2019,67.0,76.0,60.0,0.0,0.0,0.0
29709,9/8/2019,66.0,75.0,61.0,0.0,0.0,0.0
29710,9/9/2019,68.0,78.0,61.0,0.0,0.0,0.0
29711,9/10/2019,73.0,91.0,60.0,0.0,0.0,0.0
29712,9/11/2019,81.0,94.0,71.0,0.02,0.0,0.0
29713,9/12/2019,74.0,78.0,66.0,0.11,0.0,0.0
29714,9/13/2019,76.0,92.0,66.0,0.76,0.0,0.0
29715,9/14/2019,72.0,78.0,62.0,0.0,0.0,0.0
29716,9/15/2019,68.0,77.0,59.0,0.0,0.0,0.0
29717,9/16/2019,73.0,81.0,65.0,0.0,0.0,0.0
29718,9/17/2019,70.0,77.0,63.0,0.0,0.0,0.0
29719,9/18/2019,69.0,81.0,59.0,0.0,0.0,0.0
29720,9/19/2019,70.0,83.0,59.0,0.0,0.0,0.0
29721,9/20/2019,73.0,87.0,61.0,0.0,0.0,0.0
29722,9/21/2019,77.0,90.0,66.0,0.0,0.0,0.0
29723,9/22/2019,80.0,91.0,72.0,0.0,0.0,0.0
29724,9/23/2019,76.0,80.0,66.0,0.05,0.0,0.0
29725,9/24/2019,67.0,79.0,54.0,0.0,0.0,0.0
29726,9/25/2019,69.0,83.0,57.0,0.01,0.0,0.0
29727,9/26/2019,69.0,75.0,51.0,0.0,0.0,0.0
29728,9/27/2019,65.0,85.0,48.0,0.0,0.0,0.0
29729,9/28/2019,72.0,84.0,66.0,0.05,0.0,0.0
29730,9/29/2019,68.0,72.0,65.0,0.0,0.0,0.0
29731,9/30/2019,72.0,85.0,66.0,0.04,0.0,0.0
29732,10/1/2019,80.0,93.0,70.0,0.0,0.0,0.0
29733,10/2/2019,76.0,84.0,64.0,0.14,0.0,0.0
29734,10/3/2019,70.0,84.0,62.0,0.0,0.0,0.0
29735,10/4/2019,61.0,63.0,51.0,0.0,0.0,0.0
29736,10/5/2019,56.0,70.0,44.0,0.0,0.0,0.0
29737,10/6/2019,65.0,75.0,59.0,0.07,0.0,0.0
29738,10/7/2019,60.0,65.0,50.0,0.01,0.0,0.0
29739,10/8/2019,57.0,72.0,43.0,0.0,0.0,0.0
29740,10/9/2019,59.0,73.0,47.0,0.0,0.0,0.0
29741,10/10/2019,61.0,77.0,46.0,0.0,0.0,0.0
29742,10/11/2019,68.0,82.0,60.0,0.01,0.0,0.0
29743,10/12/2019,55.0,66.0,43.0,0.22,0.0,0.0
29744,10/13/2019,53.0,68.0,43.0,0.0,0.0,0.0
29745,10/14/2019,54.0,58.0,42.0,0.0,0.0,0.0
29746,10/15/2019,52.0,71.0,36.0,0.0,0.0,0.0
29747,10/16/2019,56.0,65.0,47.0,0.73,0.0,0.0
29748,10/17/2019,49.0,53.0,47.0,0.0,0.0,0.0
29749,10/18/2019,51.0,57.0,41.0,0.0,0.0,0.0
29750,10/19/2019,49.0,66.0,37.0,0.0,0.0,0.0
29751,10/20/2019,57.0,72.0,46.0,0.0,0.0,0.0
29752,10/21/2019,62.0,75.0,50.0,0.11,0.0,0.0
29753,10/22/2019,62.0,67.0,50.0,0.02,0.0,0.0
29754,10/23/2019,53.0,62.0,45.0,0.0,0.0,0.0
29755,10/24/2019,56.0,65.0,49.0,0.0,0.0,0.0
29756,10/25/2019,52.0,57.0,43.0,0.0,0.0,0.0
29757,10/26/2019,49.0,58.0,42.0,0.72,0.0,0.0
29758,10/27/2019,56.0,63.0,43.0,0.08,0.0,0.0
29759,10/28/2019,52.0,68.0,39.0,0.0,0.0,0.0
29760,10/29/2019,53.0,63.0,42.0,0.0,0.0,0.0
29761,10/30/2019,56.0,64.0,52.0,0.39,0.0,0.0
29762,10/31/2019,59.0,65.0,36.0,0.82,0.0,0.0
29763,11/1/2019,37.0,41.0,31.0,0.02,0.0,0.0
29764,11/2/2019,39.0,47.0,33.0,0.05,0.0,0.0
29765,11/3/2019,40.0,48.0,34.0,0.0,0.0,0.0
29766,11/4/2019,48.0,59.0,43.0,0.0,0.0,0.0
29767,11/5/2019,49.0,53.0,34.0,0.01,0.0,0.0
29768,11/6/2019,39.0,50.0,30.0,0.0,0.0,0.0
29769,11/7/2019,42.0,48.0,33.0,0.19,0.2,0.0
29770,11/8/2019,32.0,38.0,24.0,0.0,0.1,0.0
29771,11/9/2019,31.0,40.0,24.0,0.0,0.0,0.0
29772,11/10/2019,43.0,54.0,38.0,0.0,0.0,0.0
29773,11/11/2019,42.0,45.0,33.0,0.86,0.6,0.0
29774,11/12/2019,30.0,33.0,22.0,0.19,2.2,2.0
29775,11/13/2019,21.0,28.0,13.0,0.0,0.1,1.2
29776,11/14/2019,31.0,37.0,27.0,0.03,0.3,1.2
29777,11/15/2019,33.0,38.0,29.0,0.0,0.0,1.2
29778,11/16/2019,37.0,40.0,30.0,0.0,0.0,0.0
29779,11/17/2019,36.0,49.0,27.0,0.0,0.0,0.0
29780,11/18/2019,43.0,53.0,33.0,0.0,0.0,0.0
29781,11/19/2019,38.0,43.0,30.0,0.0,0.0,0.0
29782,11/20/2019,42.0,45.0,37.0,0.0,0.0,0.0
29783,11/21/2019,43.0,54.0,35.0,0.04,0.0,0.0
29784,11/22/2019,44.0,53.0,27.0,0.03,0.0,0.0
29785,11/23/2019,33.0,46.0,23.0,0.08,0.0,0.0
29786,11/24/2019,38.0,45.0,30.0,0.0,0.0,0.0
29787,11/25/2019,45.0,56.0,40.0,0.0,0.0,0.0
29788,11/26/2019,51.0,61.0,44.0,0.0,0.0,0.0
29789,11/27/2019,51.0,60.0,39.0,0.19,0.0,0.0
29790,11/28/2019,39.0,41.0,36.0,0.01,0.0,0.0
29791,11/29/2019,36.0,38.0,36.0,0.0,0.0,0.0
29792,11/30/2019,38.0,43.0,35.0,0.0,0.0,0.0
29793,12/1/2019,45.0,57.0,36.0,0.36,0.0,0.0
29794,12/2/2019,37.0,39.0,34.0,0.28,0.2,0.0
29795,12/3/2019,34.0,35.0,31.0,0.0,0.0,0.0
29796,12/4/2019,35.0,37.0,34.0,0.25,1.6,0.0
29797,12/5/2019,36.0,41.0,33.0,0.0,0.0,2.0
29798,12/6/2019,39.0,47.0,34.0,0.0,0.0,0.0
29799,12/7/2019,35.0,40.0,31.0,0.0,0.0,0.0
29800,12/8/2019,38.0,51.0,30.0,0.0,0.0,0.0
29801,12/9/2019,51.0,54.0,48.0,0.47,0.0,0.0
29802,12/10/2019,40.0,52.0,23.0,0.0,0.0,0.0
29803,12/11/2019,24.0,29.0,19.0,0.0,0.0,0.0
29804,12/12/2019,26.0,38.0,17.0,0.0,0.0,0.0
29805,12/13/2019,38.0,46.0,33.0,0.0,0.0,0.0
29806,12/14/2019,38.0,40.0,36.0,0.62,0.0,0.0
29807,12/15/2019,34.0,37.0,29.0,0.01,0.0,0.0
29808,12/16/2019,32.0,38.0,29.0,0.0,0.1,0.0
29809,12/17/2019,33.0,36.0,23.0,0.13,0.9,1.2
29810,12/18/2019,25.0,27.0,19.0,0.06,0.9,2.0
29811,12/19/2019,20.0,30.0,13.0,0.0,0.0,1.2
29812,12/20/2019,27.0,37.0,16.0,0.0,0.0,1.2
29813,12/21/2019,35.0,49.0,26.0,0.0,0.0,0.0
29814,12/22/2019,41.0,53.0,33.0,0.0,0.0,0.0
29815,12/23/2019,45.0,58.0,36.0,0.0,0.0,0.0
29816,12/24/2019,38.0,39.0,33.0,0.0,0.0,0.0
29817,12/25/2019,41.0,58.0,32.0,0.0,0.0,0.0
29818,12/26/2019,54.0,66.0,43.0,0.0,0.0,0.0
29819,12/27/2019,56.0,61.0,40.0,0.0,0.0,0.0
29820,12/28/2019,41.0,48.0,36.0,0.0,0.0,0.0
29821,12/29/2019,49.0,59.0,41.0,0.5,0.0,0.0
29822,12/30/2019,51.0,61.0,38.0,0.07,0.0,0.0
29823,12/31/2019,35.0,39.0,29.0,0.1,1.6,0.0
29824,1/1/2020,32.0,39.0,28.0,0.0,0.0,1.2
29825,1/2/2020,41.0,50.0,37.0,0.0,0.0,0.0
29826,1/3/2020,47.0,49.0,41.0,0.16,0.0,0.0
29827,1/4/2020,39.0,42.0,33.0,0.25,0.5,0.0
29828,1/5/2020,33.0,42.0,31.0,0.0,0.0,0.0
29829,1/6/2020,39.0,43.0,32.0,0.0,0.0,0.0
29830,1/7/2020,36.0,46.0,30.0,0.0,0.0,0.0
29831,1/8/2020,33.0,37.0,22.0,0.01,0.1,0.0
29832,1/9/2020,29.0,52.0,20.0,0.0,0.0,0.0
29833,1/10/2020,49.0,55.0,45.0,0.92,0.0,0.0
29834,1/11/2020,57.0,70.0,42.0,0.17,0.0,0.0
29835,1/12/2020,40.0,62.0,32.0,0.04,0.1,0.0
29836,1/13/2020,39.0,45.0,36.0,0.0,0.0,0.0
29837,1/14/2020,40.0,51.0,33.0,0.0,0.0,0.0
29838,1/15/2020,42.0,53.0,30.0,0.05,0.0,0.0
29839,1/16/2020,38.0,39.0,28.0,0.01,0.1,0.0
29840,1/17/2020,28.0,29.0,25.0,0.0,0.0,0.0
29841,1/18/2020,32.0,44.0,26.0,0.71,3.2,2.0
29842,1/19/2020,24.0,32.0,16.0,0.19,3.9,0.0
29843,1/20/2020,23.0,28.0,20.0,0.04,1.1,5.1
29844,1/21/2020,24.0,26.0,21.0,0.0,0.0,2.0
29845,1/22/2020,24.0,34.0,15.0,0.0,0.0,1.2
29846,1/23/2020,34.0,43.0,28.0,0.0,0.0,0.0
29847,1/24/2020,42.0,48.0,40.0,0.28,0.0,0.0
29848,1/25/2020,42.0,45.0,34.0,0.14,0.3,0.0
29849,1/26/2020,35.0,36.0,34.0,0.02,0.0,0.0
29850,1/27/2020,35.0,36.0,34.0,0.0,0.0,0.0
29851,1/28/2020,35.0,36.0,33.0,0.01,0.0,0.0
29852,1/29/2020,33.0,34.0,31.0,0.0,0.0,0.0
29853,1/30/2020,32.0,33.0,30.0,0.0,0.0,0.0
29854,1/31/2020,33.0,38.0,28.0,0.0,0.0,0.0
29855,2/1/2020,32.0,37.0,30.0,0.05,0.3,0.0
29856,2/2/2020,41.0,55.0,34.0,0.0,0.1,0.0
29857,2/3/2020,46.0,62.0,35.0,0.0,0.0,0.0
29858,2/4/2020,46.0,62.0,32.0,0.13,0.0,0.0
29859,2/5/2020,32.0,35.0,29.0,0.24,0.0,0.0
29860,2/6/2020,32.0,33.0,30.0,0.06,0.3,0.0
29861,2/7/2020,29.0,31.0,25.0,0.17,1.7,1.2
29862,2/8/2020,28.0,34.0,24.0,0.03,0.5,1.2
29863,2/9/2020,33.0,41.0,30.0,0.14,0.7,2.0
29864,2/10/2020,38.0,42.0,34.0,0.16,0.0,0.0
29865,2/11/2020,35.0,39.0,29.0,0.0,0.0,0.0
29866,2/12/2020,33.0,37.0,25.0,0.26,2.3,0.0
29867,2/13/2020,33.0,34.0,22.0,0.12,1.1,3.1
29868,2/14/2020,20.0,22.0,9.0,0.0,0.0,2.0
29869,2/15/2020,17.0,37.0,6.0,0.0,0.0,2.0
29870,2/16/2020,38.0,44.0,30.0,0.0,0.0,2.0
29871,2/17/2020,34.0,46.0,23.0,0.04,0.0,0.0
29872,2/18/2020,44.0,50.0,30.0,0.16,0.0,0.0
29873,2/19/2020,31.0,33.0,24.0,0.0,0.0,0.0
29874,2/20/2020,24.0,27.0,17.0,0.0,0.0,0.0
29875,2/21/2020,23.0,36.0,15.0,0.0,0.0,0.0
29876,2/22/2020,35.0,50.0,27.0,0.0,0.0,0.0
29877,2/23/2020,41.0,53.0,32.0,0.0,0.0,0.0
29878,2/24/2020,45.0,53.0,39.0,0.2,0.0,0.0
29879,2/25/2020,40.0,42.0,35.0,0.15,0.0,0.0
29880,2/26/2020,36.0,39.0,26.0,0.3,1.7,0.0
29881,2/27/2020,26.0,28.0,23.0,0.06,0.7,2.0
29882,2/28/2020,23.0,26.0,19.0,0.01,0.8,1.2
29883,2/29/2020,25.0,30.0,20.0,0.06,1.8,3.1
29884,3/1/2020,31.0,49.0,17.0,0.0,0.0,1.2
29885,3/2/2020,48.0,50.0,47.0,0.07,0.0,0.0
29886,3/3/2020,49.0,54.0,40.0,0.29,0.0,0.0
29887,3/4/2020,40.0,45.0,34.0,0.02,0.0,0.0
29888,3/5/2020,38.0,52.0,26.0,0.0,0.0,0.0
29889,3/6/2020,38.0,42.0,31.0,0.07,0.0,0.0
29890,3/7/2020,34.0,43.0,30.0,0.0,0.0,0.0
29891,3/8/2020,45.0,62.0,36.0,0.0,0.0,0.0
29892,3/9/2020,58.0,67.0,53.0,0.0,0.0,0.0
29893,3/10/2020,53.0,62.0,32.0,0.25,0.0,0.0
29894,3/11/2020,37.0,49.0,28.0,0.0,0.0,0.0
29895,3/12/2020,47.0,60.0,40.0,0.06,0.0,0.0
29896,3/13/2020,51.0,58.0,39.0,0.25,0.0,0.0
29897,3/14/2020,39.0,41.0,33.0,0.01,0.0,0.0
29898,3/15/2020,36.0,42.0,32.0,0.0,0.0,0.0
29899,3/16/2020,37.0,54.0,26.0,0.01,0.0,0.0
29900,3/17/2020,42.0,47.0,37.0,0.01,0.0,0.0
29901,3/18/2020,41.0,52.0,33.0,0.98,0.0,0.0
29902,3/19/2020,45.0,65.0,38.0,0.15,0.0,0.0
29903,3/20/2020,60.0,69.0,33.0,0.14,0.0,0.0
29904,3/21/2020,32.0,33.0,23.0,0.0,0.0,0.0
29905,3/22/2020,31.0,45.0,22.0,0.13,0.0,0.0
29906,3/23/2020,41.0,43.0,38.0,0.1,0.0,0.0
29907,3/24/2020,39.0,47.0,37.0,0.0,0.0,0.0
29908,3/25/2020,44.0,56.0,37.0,0.0,0.0,0.0
29909,3/26/2020,53.0,67.0,43.0,0.22,0.0,0.0
29910,3/27/2020,45.0,52.0,40.0,0.28,0.0,0.0
29911,3/28/2020,51.0,59.0,46.0,1.34,0.0,0.0
29912,3/29/2020,59.0,71.0,49.0,0.95,0.0,0.0
29913,3/30/2020,49.0,56.0,42.0,0.03,0.0,0.0
29914,3/31/2020,42.0,45.0,40.0,0.0,0.0,0.0
29915,4/1/2020,43.0,50.0,36.0,0.01,0.0,0.0
29916,4/2/2020,45.0,56.0,31.0,0.0,0.0,0.0
29917,4/3/2020,45.0,55.0,29.0,0.0,0.0,0.0
29918,4/4/2020,47.0,64.0,31.0,0.0,0.0,0.0
29919,4/5/2020,46.0,52.0,32.0,0.0,0.0,0.0
29920,4/6/2020,43.0,58.0,29.0,0.0,0.0,0.0
29921,4/7/2020,55.0,72.0,47.0,1.12,0.0,0.0
29922,4/8/2020,59.0,68.0,50.0,0.18,0.0,0.0
29923,4/9/2020,49.0,58.0,35.0,0.21,0.0,0.0
29924,4/10/2020,40.0,46.0,35.0,0.01,0.0,0.0
29925,4/11/2020,44.0,57.0,31.0,0.0,0.0,0.0
29926,4/12/2020,54.0,67.0,47.0,0.05,0.0,0.0
29927,4/13/2020,55.0,62.0,38.0,0.27,0.0,0.0
29928,4/14/2020,41.0,46.0,32.0,0.0,0.0,0.0
29929,4/15/2020,36.0,48.0,29.0,0.14,0.9,0.0
29930,4/16/2020,35.0,45.0,27.0,0.04,0.5,1.2
29931,4/17/2020,35.0,39.0,29.0,0.43,1.8,0.0
29932,4/18/2020,41.0,53.0,34.0,0.0,0.0,0.0
29933,4/19/2020,50.0,61.0,41.0,0.0,0.0,0.0
29934,4/20/2020,45.0,56.0,36.0,0.0,0.0,0.0
29935,4/21/2020,47.0,56.0,37.0,0.08,0.0,0.0
29936,4/22/2020,38.0,44.0,29.0,0.12,0.0,0.0
29937,4/23/2020,45.0,62.0,38.0,0.01,0.0,0.0
29938,4/24/2020,47.0,55.0,42.0,0.08,0.0,0.0
29939,4/25/2020,49.0,57.0,38.0,0.0,0.0,0.0
29940,4/26/2020,47.0,48.0,43.0,0.47,0.0,0.0
29941,4/27/2020,48.0,61.0,34.0,0.03,0.0,0.0
29942,4/28/2020,57.0,69.0,49.0,0.33,0.0,0.0
29943,4/29/2020,64.0,74.0,54.0,0.09,0.0,0.0
29944,4/30/2020,53.0,55.0,45.0,0.08,0.0,0.0
29945,5/1/2020,47.0,58.0,43.0,0.03,0.0,0.0
29946,5/2/2020,56.0,73.0,43.0,0.11,0.0,0.0
29947,5/3/2020,67.0,75.0,50.0,0.0,0.0,0.0
29948,5/4/2020,49.0,50.0,42.0,0.0,0.0,0.0
29949,5/5/2020,44.0,53.0,38.0,0.0,0.0,0.0
29950,5/6/2020,47.0,55.0,40.0,0.0,0.0,0.0
29951,5/7/2020,50.0,66.0,34.0,0.0,0.0,0.0
29952,5/8/2020,43.0,47.0,33.0,0.0,0.0,0.0
29953,5/9/2020,37.0,49.0,30.0,0.03,0.3,0.0
29954,5/10/2020,46.0,60.0,38.0,0.34,0.0,0.0
29955,5/11/2020,41.0,45.0,33.0,0.23,0.2,0.0
29956,5/12/2020,45.0,58.0,32.0,0.0,0.0,0.0
29957,5/13/2020,47.0,55.0,34.0,0.0,0.0,0.0
29958,5/14/2020,55.0,73.0,42.0,0.9,0.0,0.0
29959,5/15/2020,65.0,73.0,58.0,2.38,0.0,0.0
29960,5/16/2020,62.0,71.0,55.0,0.0,0.0,0.0
29961,5/17/2020,62.0,75.0,54.0,0.46,0.0,0.0
29962,5/18/2020,64.0,68.0,53.0,1.35,0.0,0.0
29963,5/19/2020,62.0,73.0,58.0,0.12,0.0,0.0
29964,5/20/2020,61.0,66.0,53.0,0.0,0.0,0.0
29965,5/21/2020,62.0,75.0,54.0,0.0,0.0,0.0
29966,5/22/2020,62.0,64.0,54.0,0.46,0.0,0.0
29967,5/23/2020,62.0,73.0,55.0,0.0,0.0,0.0
29968,5/24/2020,73.0,85.0,62.0,0.0,0.0,0.0
29969,5/25/2020,76.0,87.0,66.0,0.0,0.0,0.0
29970,5/26/2020,77.0,88.0,65.0,0.0,0.0,0.0
29971,5/27/2020,77.0,85.0,69.0,0.0,0.0,0.0
29972,5/28/2020,73.0,81.0,66.0,0.1,0.0,0.0
29973,5/29/2020,69.0,74.0,55.0,0.42,0.0,0.0
29974,5/30/2020,61.0,69.0,55.0,0.0,0.0,0.0
29975,5/31/2020,55.0,58.0,44.0,0.0,0.0,0.0
29976,6/1/2020,57.0,72.0,43.0,0.05,0.0,0.0
29977,6/2/2020,69.0,87.0,56.0,0.02,0.0,0.0
29978,6/3/2020,79.0,85.0,63.0,0.0,0.0,0.0
29979,6/4/2020,71.0,78.0,63.0,0.0,0.0,0.0
29980,6/5/2020,75.0,88.0,66.0,0.0,0.0,0.0
29981,6/6/2020,74.0,80.0,63.0,0.0,0.0,0.0
29982,6/7/2020,66.0,73.0,55.0,0.0,0.0,0.0
29983,6/8/2020,66.0,76.0,51.0,0.0,0.0,0.0
29984,6/9/2020,75.0,92.0,60.0,0.0,0.0,0.0
29985,6/10/2020,84.0,90.0,69.0,0.36,0.0,0.0
29986,6/11/2020,71.0,78.0,63.0,0.0,0.0,0.0
29987,6/12/2020,67.0,72.0,57.0,0.02,0.0,0.0
29988,6/13/2020,61.0,64.0,55.0,0.09,0.0,0.0
29989,6/14/2020,59.0,67.0,52.0,0.0,0.0,0.0
29990,6/15/2020,63.0,73.0,54.0,0.0,0.0,0.0
29991,6/16/2020,68.0,78.0,55.0,0.0,0.0,0.0
29992,6/17/2020,69.0,82.0,56.0,0.0,0.0,0.0
29993,6/18/2020,74.0,81.0,65.0,0.41,0.0,0.0
29994,6/19/2020,73.0,82.0,65.0,0.0,0.0,0.0
29995,6/20/2020,74.0,86.0,62.0,0.0,0.0,0.0
29996,6/21/2020,77.0,90.0,67.0,0.16,0.0,0.0
29997,6/22/2020,71.0,78.0,67.0,0.22,0.0,0.0
29998,6/23/2020,73.0,81.0,62.0,0.66,0.0,0.0
29999,6/24/2020,67.0,75.0,60.0,0.0,0.0,0.0
30000,6/25/2020,70.0,81.0,57.0,0.0,0.0,0.0
30001,6/26/2020,73.0,85.0,62.0,0.03,0.0,0.0
30002,6/27/2020,75.0,82.0,68.0,0.34,0.0,0.0
30003,6/28/2020,75.0,80.0,65.0,0.0,0.0,0.0
30004,6/29/2020,72.0,82.0,61.0,0.0,0.0,0.0
30005,6/30/2020,74.0,83.0,59.0,0.0,0.0,0.0
30006,7/1/2020,75.0,82.0,62.0,0.0,0.0,0.0
30007,7/2/2020,76.0,87.0,62.0,0.0,0.0,0.0
30008,7/3/2020,79.0,90.0,65.0,0.0,0.0,0.0
30009,7/4/2020,79.0,86.0,64.0,0.0,0.0,0.0
30010,7/5/2020,76.0,87.0,58.0,0.0,0.0,0.0
30011,7/6/2020,78.0,92.0,60.0,0.0,0.0,0.0
30012,7/7/2020,82.0,93.0,70.0,0.0,0.0,0.0
30013,7/8/2020,79.0,94.0,69.0,0.0,0.0,0.0
30014,7/9/2020,81.0,94.0,69.0,0.0,0.0,0.0
30015,7/10/2020,83.0,95.0,72.0,0.24,0.0,0.0
30016,7/11/2020,76.0,83.0,70.0,0.25,0.0,0.0
30017,7/12/2020,74.0,83.0,65.0,0.0,0.0,0.0
30018,7/13/2020,74.0,79.0,63.0,0.0,0.0,0.0
30019,7/14/2020,72.0,82.0,58.0,0.0,0.0,0.0
30020,7/15/2020,77.0,90.0,65.0,0.0,0.0,0.0
30021,7/16/2020,79.0,89.0,72.0,0.07,0.0,0.0
30022,7/17/2020,77.0,85.0,68.0,0.0,0.0,0.0
30023,7/18/2020,80.0,95.0,65.0,0.0,0.0,0.0
30024,7/19/2020,83.0,93.0,72.0,0.41,0.0,0.0
30025,7/20/2020,76.0,87.0,69.0,0.0,0.0,0.0
30026,7/21/2020,76.0,86.0,69.0,0.0,0.0,0.0
30027,7/22/2020,76.0,84.0,69.0,0.23,0.0,0.0
30028,7/23/2020,75.0,83.0,68.0,2.91,0.0,0.0
30029,7/24/2020,74.0,82.0,64.0,0.0,0.0,0.0
30030,7/25/2020,73.0,85.0,60.0,0.0,0.0,0.0
30031,7/26/2020,77.0,89.0,65.0,0.0,0.0,0.0
30032,7/27/2020,80.0,90.0,72.0,0.96,0.0,0.0
30033,7/28/2020,76.0,85.0,68.0,0.06,0.0,0.0
30034,7/29/2020,77.0,87.0,67.0,0.0,0.0,0.0
30035,7/30/2020,76.0,82.0,70.0,0.0,0.0,0.0
30036,7/31/2020,75.0,80.0,67.0,0.0,0.0,0.0
30037,8/1/2020,73.0,76.0,70.0,0.58,0.0,0.0
30038,8/2/2020,72.0,76.0,64.0,0.15,0.0,0.0
30039,8/3/2020,69.0,80.0,63.0,0.09,0.0,0.0
30040,8/4/2020,69.0,75.0,63.0,0.05,0.0,0.0
30041,8/5/2020,67.0,75.0,58.0,0.01,0.0,0.0
30042,8/6/2020,66.0,76.0,54.0,0.0,0.0,0.0
30043,8/7/2020,70.0,78.0,59.0,0.0,0.0,0.0
30044,8/8/2020,69.0,80.0,54.0,0.0,0.0,0.0
30045,8/9/2020,74.0,87.0,60.0,0.0,0.0,0.0
30046,8/10/2020,80.0,90.0,70.0,0.0,0.0,0.0
30047,8/11/2020,78.0,85.0,70.0,0.0,0.0,0.0
30048,8/12/2020,75.0,82.0,63.0,0.0,0.0,0.0
30049,8/13/2020,74.0,86.0,58.0,0.0,0.0,0.0
30050,8/14/2020,80.0,90.0,70.0,0.0,0.0,0.0
30051,8/15/2020,78.0,87.0,66.0,0.0,0.0,0.0
30052,8/16/2020,69.0,78.0,62.0,1.15,0.0,0.0
30053,8/17/2020,69.0,78.0,58.0,0.21,0.0,0.0
30054,8/18/2020,68.0,74.0,59.0,0.0,0.0,0.0
30055,8/19/2020,66.0,73.0,54.0,0.0,0.0,0.0
30056,8/20/2020,65.0,79.0,51.0,0.0,0.0,0.0
30057,8/21/2020,69.0,84.0,54.0,0.0,0.0,0.0
30058,8/22/2020,73.0,86.0,59.0,0.0,0.0,0.0
30059,8/23/2020,76.0,86.0,67.0,0.0,0.0,0.0
30060,8/24/2020,78.0,89.0,69.0,0.0,0.0,0.0
30061,8/25/2020,78.0,84.0,65.0,0.0,0.0,0.0
30062,8/26/2020,71.0,85.0,63.0,0.14,0.0,0.0
30063,8/27/2020,81.0,90.0,73.0,0.0,0.0,0.0
30064,8/28/2020,75.0,83.0,69.0,3.01,0.0,0.0
30065,8/29/2020,71.0,76.0,67.0,0.25,0.0,0.0
30066,8/30/2020,67.0,72.0,56.0,0.0,0.0,0.0
30067,8/31/2020,68.0,81.0,58.0,0.0,0.0,0.0
30068,9/1/2020,72.0,83.0,64.0,0.0,0.0,0.0
30069,9/2/2020,75.0,81.0,65.0,0.34,0.0,0.0
30070,9/3/2020,71.0,81.0,62.0,0.01,0.0,0.0
30071,9/4/2020,70.0,73.0,58.0,0.0,0.0,0.0
30072,9/5/2020,65.0,79.0,53.0,0.0,0.0,0.0
30073,9/6/2020,68.0,75.0,55.0,0.0,0.0,0.0
30074,9/7/2020,68.0,72.0,63.0,3.98,0.0,0.0
30075,9/8/2020,72.0,84.0,64.0,0.0,0.0,0.0
30076,9/9/2020,72.0,83.0,65.0,0.0,0.0,0.0
30077,9/10/2020,69.0,71.0,63.0,0.0,0.0,0.0
30078,9/11/2020,65.0,69.0,58.0,0.0,0.0,0.0
30079,9/12/2020,67.0,83.0,55.0,0.0,0.0,0.0
30080,9/13/2020,74.0,78.0,64.0,0.21,0.0,0.0
30081,9/14/2020,65.0,67.0,50.0,0.0,0.0,0.0
30082,9/15/2020,57.0,70.0,48.0,0.0,0.0,0.0
30083,9/16/2020,59.0,73.0,47.0,0.0,0.0,0.0
30084,9/17/2020,62.0,67.0,55.0,0.0,0.0,0.0
30085,9/18/2020,59.0,61.0,54.0,0.0,0.0,0.0
30086,9/19/2020,54.0,62.0,42.0,0.0,0.0,0.0
30087,9/20/2020,56.0,67.0,41.0,0.0,0.0,0.0
30088,9/21/2020,57.0,68.0,45.0,0.0,0.0,0.0
30089,9/22/2020,56.0,71.0,41.0,0.0,0.0,0.0
30090,9/23/2020,62.0,77.0,51.0,0.0,0.0,0.0
30091,9/24/2020,66.0,76.0,58.0,0.0,0.0,0.0
30092,9/25/2020,65.0,79.0,52.0,0.0,0.0,0.0
30093,9/26/2020,68.0,80.0,58.0,0.0,0.0,0.0
30094,9/27/2020,71.0,79.0,63.0,0.0,0.0,0.0
30095,9/28/2020,69.0,79.0,54.0,1.23,0.0,0.0
30096,9/29/2020,57.0,63.0,50.0,0.0,0.0,0.0
30097,9/30/2020,55.0,65.0,49.0,0.02,0.0,0.0
30098,10/1/2020,53.0,63.0,45.0,0.17,0.0,0.0
30099,10/2/2020,50.0,55.0,45.0,0.57,0.0,0.0
30100,10/3/2020,49.0,58.0,40.0,0.0,0.0,0.0
30101,10/4/2020,53.0,59.0,49.0,0.19,0.0,0.0
30102,10/5/2020,51.0,59.0,42.0,0.0,0.0,0.0
30103,10/6/2020,54.0,69.0,46.0,0.0,0.0,0.0
30104,10/7/2020,63.0,72.0,55.0,0.0,0.0,0.0
30105,10/8/2020,57.0,67.0,43.0,0.0,0.0,0.0
30106,10/9/2020,57.0,75.0,43.0,0.0,0.0,0.0
30107,10/10/2020,68.0,74.0,61.0,0.01,0.0,0.0
30108,10/11/2020,62.0,67.0,58.0,0.0,0.0,0.0
30109,10/12/2020,65.0,73.0,57.0,0.48,0.0,0.0
30110,10/13/2020,60.0,65.0,50.0,0.05,0.0,0.0
30111,10/14/2020,54.0,64.0,43.0,0.0,0.0,0.0
30112,10/15/2020,59.0,64.0,46.0,0.17,0.0,0.0
30113,10/16/2020,48.0,54.0,36.0,0.0,0.0,0.0
30114,10/17/2020,45.0,58.0,35.0,0.01,0.0,0.0
30115,10/18/2020,51.0,54.0,48.0,0.1,0.0,0.0
30116,10/19/2020,52.0,53.0,49.0,0.54,0.0,0.0
30117,10/20/2020,51.0,55.0,50.0,0.32,0.0,0.0
30118,10/21/2020,59.0,65.0,51.0,2.55,0.0,0.0
30119,10/22/2020,60.0,79.0,54.0,0.04,0.0,0.0
30120,10/23/2020,69.0,78.0,51.0,0.53,0.0,0.0
30121,10/24/2020,50.0,51.0,45.0,0.0,0.0,0.0
30122,10/25/2020,46.0,51.0,43.0,0.0,0.0,0.0
30123,10/26/2020,47.0,48.0,45.0,0.22,0.0,0.0
30124,10/27/2020,45.0,47.0,43.0,0.19,0.0,0.0
30125,10/28/2020,46.0,52.0,44.0,0.08,0.0,0.0
30126,10/29/2020,46.0,50.0,44.0,0.57,0.0,0.0
30127,10/30/2020,44.0,48.0,38.0,0.51,0.0,0.0
30128,10/31/2020,41.0,49.0,31.0,0.0,0.0,0.0
30129,11/1/2020,45.0,52.0,35.0,0.13,0.0,0.0
30130,11/2/2020,37.0,43.0,34.0,0.0,0.0,0.0
30131,11/3/2020,45.0,58.0,35.0,0.0,0.0,0.0
30132,11/4/2020,56.0,70.0,48.0,0.0,0.0,0.0
30133,11/5/2020,60.0,70.0,53.0,0.0,0.0,0.0
30134,11/6/2020,59.0,70.0,49.0,0.0,0.0,0.0
30135,11/7/2020,59.0,71.0,45.0,0.0,0.0,0.0
30136,11/8/2020,56.0,77.0,41.0,0.0,0.0,0.0
30137,11/9/2020,63.0,76.0,52.0,0.0,0.0,0.0
30138,11/10/2020,67.0,77.0,59.0,0.0,0.0,0.0
30139,11/11/2020,61.0,70.0,43.0,0.07,0.0,0.0
30140,11/12/2020,45.0,50.0,34.0,0.0,0.0,0.0
30141,11/13/2020,42.0,53.0,33.0,0.0,0.0,0.0
30142,11/14/2020,38.0,49.0,28.0,0.01,0.0,0.0
30143,11/15/2020,49.0,59.0,41.0,0.35,0.0,0.0
30144,11/16/2020,40.0,46.0,36.0,0.0,0.0,0.0
30145,11/17/2020,37.0,41.0,33.0,0.12,0.2,0.0
30146,11/18/2020,35.0,42.0,28.0,0.0,0.0,0.0
30147,11/19/2020,49.0,66.0,39.0,0.0,0.0,0.0
30148,11/20/2020,59.0,62.0,51.0,0.0,0.0,0.0
30149,11/21/2020,47.0,52.0,40.0,0.0,0.0,0.0
30150,11/22/2020,39.0,42.0,36.0,0.74,0.0,0.0
30151,11/23/2020,39.0,45.0,34.0,0.02,0.0,0.0
30152,11/24/2020,36.0,44.0,27.0,0.01,0.0,0.0
30153,11/25/2020,45.0,55.0,38.0,0.43,0.0,0.0
30154,11/26/2020,51.0,55.0,46.0,0.1,0.0,0.0
30155,11/27/2020,46.0,47.0,42.0,0.02,0.0,0.0
30156,11/28/2020,41.0,45.0,34.0,0.0,0.0,0.0
30157,11/29/2020,41.0,53.0,35.0,0.0,0.0,0.0
30158,11/30/2020,41.0,48.0,33.0,1.38,0.6,0.0
30159,12/1/2020,32.0,35.0,29.0,1.16,9.5,5.1
30160,12/2/2020,32.0,36.0,25.0,0.0,0.0,7.9
30161,12/3/2020,32.0,38.0,28.0,0.0,0.0,7.1
30162,12/4/2020,39.0,44.0,35.0,0.0,0.0,5.1
30163,12/5/2020,38.0,40.0,33.0,0.07,0.0,2.0
30164,12/6/2020,33.0,33.0,31.0,0.0,0.0,1.2
30165,12/7/2020,32.0,35.0,30.0,0.03,0.3,1.2
30166,12/8/2020,34.0,35.0,31.0,0.0,0.0,1.2
30167,12/9/2020,35.0,39.0,33.0,0.0,0.0,0.0
30168,12/10/2020,40.0,50.0,32.0,0.0,0.0,0.0
30169,12/11/2020,47.0,58.0,40.0,0.0,0.0,0.0
30170,12/12/2020,49.0,57.0,44.0,0.24,0.0,0.0
30171,12/13/2020,39.0,44.0,34.0,0.06,0.0,0.0
30172,12/14/2020,34.0,36.0,30.0,0.0,0.0,0.0
30173,12/15/2020,30.0,33.0,29.0,0.0,0.0,0.0
30174,12/16/2020,30.0,32.0,28.0,0.07,0.7,0.0
30175,12/17/2020,31.0,33.0,29.0,0.09,1.4,1.2
30176,12/18/2020,31.0,32.0,25.0,0.04,0.6,2.0
30177,12/19/2020,32.0,37.0,25.0,0.07,0.0,1.2
30178,12/20/2020,36.0,38.0,34.0,0.08,0.0,0.0
30179,12/21/2020,36.0,39.0,34.0,0.11,0.0,0.0
30180,12/22/2020,37.0,39.0,32.0,0.07,0.0,0.0
30181,12/23/2020,40.0,52.0,31.0,0.03,0.0,0.0
30182,12/24/2020,41.0,52.0,20.0,0.39,5.3,0.0
30183,12/25/2020,19.0,20.0,16.0,0.2,4.2,7.1
30184,12/26/2020,19.0,25.0,15.0,0.03,0.7,7.9
30185,12/27/2020,27.0,46.0,17.0,0.04,0.0,5.9
30186,12/28/2020,39.0,46.0,29.0,0.06,0.2,0.0
30187,12/29/2020,29.0,33.0,22.0,0.04,0.4,0.0
30188,12/30/2020,37.0,47.0,27.0,0.35,0.0,0.0
30189,12/31/2020,33.0,33.0,30.0,0.0,0.0,0.0
30190,1/1/2021,31.0,41.0,28.0,0.84,0.0,0.0
30191,1/2/2021,37.0,43.0,34.0,0.03,0.0,0.0
30192,1/3/2021,37.0,41.0,33.0,0.06,0.0,0.0
30193,1/4/2021,34.0,35.0,33.0,0.03,0.2,0.0
30194,1/5/2021,33.0,35.0,32.0,0.01,0.0,0.0
30195,1/6/2021,34.0,36.0,33.0,0.01,0.0,0.0
30196,1/7/2021,34.0,35.0,30.0,0.0,0.0,0.0
30197,1/8/2021,30.0,31.0,27.0,0.0,0.0,0.0
30198,1/9/2021,30.0,40.0,22.0,0.0,0.0,0.0
30199,1/10/2021,29.0,40.0,23.0,0.0,0.0,0.0
30200,1/11/2021,29.0,31.0,25.0,0.0,0.0,0.0
30201,1/12/2021,27.0,31.0,25.0,0.0,0.0,0.0
30202,1/13/2021,35.0,47.0,30.0,0.0,0.0,0.0
30203,1/14/2021,41.0,46.0,37.0,0.01,0.0,0.0
30204,1/15/2021,40.0,43.0,29.0,0.13,0.1,0.0
30205,1/16/2021,32.0,34.0,29.0,0.01,0.0,0.0
30206,1/17/2021,33.0,37.0,31.0,0.12,1.0,0.0
30207,1/18/2021,31.0,33.0,29.0,0.02,0.2,1.2
30208,1/19/2021,30.0,33.0,28.0,0.04,0.8,1.2
30209,1/20/2021,27.0,30.0,23.0,0.09,1.5,2.0
30210,1/21/2021,33.0,42.0,26.0,0.0,0.0,1.2
30211,1/22/2021,32.0,35.0,22.0,0.0,0.0,0.0
30212,1/23/2021,22.0,27.0,17.0,0.0,0.0,0.0
30213,1/24/2021,23.0,30.0,17.0,0.0,0.0,0.0
30214,1/25/2021,30.0,34.0,28.0,0.0,0.0,0.0
30215,1/26/2021,34.0,37.0,30.0,0.13,0.0,0.0
30216,1/27/2021,29.0,31.0,24.0,0.01,0.3,0.0
30217,1/28/2021,23.0,25.0,20.0,0.0,0.3,0.0
30218,1/29/2021,21.0,25.0,14.0,0.01,0.5,0.0
30219,1/30/2021,20.0,32.0,10.0,0.0,0.0,0.0
30220,1/31/2021,31.0,35.0,27.0,0.11,1.6,0.0
30221,2/1/2021,30.0,31.0,26.0,0.17,1.5,1.2
30222,2/2/2021,28.0,32.0,26.0,0.01,0.2,1.2
30223,2/3/2021,27.0,29.0,16.0,0.0,0.0,1.2
30224,2/4/2021,23.0,37.0,11.0,0.08,0.4,1.2
30225,2/5/2021,29.0,36.0,21.0,0.02,0.0,1.2
30226,2/6/2021,18.0,21.0,11.0,0.0,0.0,0.0
30227,2/7/2021,16.0,18.0,8.0,0.01,0.4,1.2
30228,2/8/2021,13.0,23.0,9.0,0.0,0.0,1.2
30229,2/9/2021,22.0,23.0,8.0,0.05,1.6,1.2
30230,2/10/2021,15.0,21.0,6.0,0.06,0.5,2.0
30231,2/11/2021,20.0,23.0,19.0,0.0,0.0,2.0
30232,2/12/2021,23.0,32.0,20.0,0.0,0.0,2.0
30233,2/13/2021,23.0,26.0,20.0,0.0,0.0,1.2
30234,2/14/2021,22.0,25.0,17.0,0.0,0.0,1.2
30235,2/15/2021,21.0,25.0,19.0,0.35,3.2,1.2
30236,2/16/2021,20.0,22.0,7.0,0.12,1.9,5.1
30237,2/17/2021,13.0,21.0,1.0,0.0,0.0,5.9
30238,2/18/2021,22.0,27.0,20.0,0.12,2.5,5.1
30239,2/19/2021,24.0,27.0,15.0,0.0,0.0,7.1
30240,2/20/2021,17.0,25.0,13.0,0.01,0.4,7.1
30241,2/21/2021,20.0,35.0,3.0,0.0,0.0,7.1
30242,2/22/2021,35.0,38.0,30.0,0.05,0.0,3.9
30243,2/23/2021,38.0,43.0,34.0,0.0,0.0,3.1
30244,2/24/2021,43.0,53.0,33.0,0.0,0.0,1.2
30245,2/25/2021,35.0,39.0,27.0,0.0,0.0,0.0
30246,2/26/2021,33.0,42.0,21.0,0.0,0.0,0.0
30247,2/27/2021,42.0,47.0,34.0,0.13,0.0,0.0
30248,2/28/2021,45.0,58.0,35.0,0.19,0.0,0.0
30249,3/1/2021,43.0,55.0,26.0,0.0,0.0,0.0
30250,3/2/2021,28.0,39.0,19.0,0.0,0.0,0.0
30251,3/3/2021,40.0,54.0,32.0,0.0,0.0,0.0
30252,3/4/2021,33.0,35.0,25.0,0.0,0.0,0.0
30253,3/5/2021,28.0,35.0,20.0,0.0,0.0,0.0
30254,3/6/2021,31.0,36.0,22.0,0.0,0.0,0.0
30255,3/7/2021,28.0,36.0,21.0,0.0,0.0,0.0
30256,3/8/2021,37.0,61.0,22.0,0.0,0.0,0.0
30257,3/9/2021,53.0,62.0,40.0,0.0,0.0,0.0
30258,3/10/2021,54.0,70.0,43.0,0.0,0.0,0.0
30259,3/11/2021,64.0,71.0,48.0,0.0,0.0,0.0
30260,3/12/2021,49.0,57.0,31.0,0.0,0.0,0.0
30261,3/13/2021,35.0,45.0,26.0,0.0,0.0,0.0
30262,3/14/2021,41.0,48.0,27.0,0.0,0.0,0.0
30263,3/15/2021,31.0,41.0,25.0,0.0,0.0,0.0
30264,3/16/2021,44.0,55.0,35.0,0.02,0.0,0.0
30265,3/17/2021,42.0,61.0,29.0,0.0,0.0,0.0
30266,3/18/2021,41.0,49.0,35.0,0.68,0.0,0.0
30267,3/19/2021,35.0,37.0,28.0,0.0,0.0,0.0
30268,3/20/2021,37.0,53.0,24.0,0.0,0.0,0.0
30269,3/21/2021,45.0,65.0,29.0,0.0,0.0,0.0
30270,3/22/2021,54.0,69.0,42.0,0.0,0.0,0.0
30271,3/23/2021,56.0,69.0,43.0,0.0,0.0,0.0
30272,3/24/2021,64.0,74.0,57.0,0.0,0.0,0.0
30273,3/25/2021,60.0,71.0,45.0,0.09,0.0,0.0
30274,3/26/2021,53.0,64.0,42.0,0.19,0.0,0.0
30275,3/27/2021,53.0,67.0,44.0,0.0,0.0,0.0
30276,3/28/2021,49.0,57.0,38.0,0.27,0.0,0.0
30277,3/29/2021,41.0,51.0,34.0,0.0,0.0,0.0
30278,3/30/2021,55.0,73.0,46.0,0.0,0.0,0.0
30279,3/31/2021,54.0,64.0,37.0,0.03,0.0,0.0
30280,4/1/2021,33.0,37.0,26.0,0.42,3.7,1.2
30281,4/2/2021,32.0,39.0,25.0,0.0,0.0,2.0
30282,4/3/2021,39.0,58.0,26.0,0.0,0.0,0.0
30283,4/4/2021,52.0,61.0,39.0,0.0,0.0,0.0
30284,4/5/2021,51.0,68.0,39.0,0.0,0.0,0.0
30285,4/6/2021,60.0,79.0,47.0,0.0,0.0,0.0
30286,4/7/2021,68.0,79.0,57.0,0.0,0.0,0.0
30287,4/8/2021,70.0,83.0,60.0,0.13,0.0,0.0
30288,4/9/2021,65.0,75.0,57.0,0.16,0.0,0.0
30289,4/10/2021,68.0,80.0,56.0,0.31,0.0,0.0
30290,4/11/2021,60.0,63.0,49.0,0.14,0.0,0.0
30291,4/12/2021,53.0,60.0,49.0,0.07,0.0,0.0
30292,4/13/2021,55.0,62.0,45.0,0.0,0.0,0.0
30293,4/14/2021,52.0,59.0,44.0,0.0,0.0,0.0
30294,4/15/2021,44.0,47.0,37.0,0.13,0.0,0.0
30295,4/16/2021,43.0,47.0,41.0,0.03,0.0,0.0
30296,4/17/2021,44.0,50.0,37.0,0.0,0.0,0.0
30297,4/18/2021,46.0,59.0,34.0,0.0,0.0,0.0
30298,4/19/2021,52.0,65.0,40.0,0.0,0.0,0.0
30299,4/20/2021,43.0,45.0,33.0,0.16,0.5,0.0
30300,4/21/2021,34.0,37.0,31.0,0.49,4.5,3.9
30301,4/22/2021,37.0,47.0,31.0,0.0,0.0,1.2
30302,4/23/2021,46.0,62.0,33.0,0.0,0.0,0.0
30303,4/24/2021,51.0,60.0,38.0,0.0,0.0,0.0
30304,4/25/2021,48.0,51.0,39.0,0.01,0.0,0.0
30305,4/26/2021,45.0,57.0,34.0,0.0,0.0,0.0
30306,4/27/2021,64.0,82.0,47.0,0.0,0.0,0.0
30307,4/28/2021,72.0,79.0,58.0,0.0,0.0,0.0
30308,4/29/2021,56.0,58.0,47.0,1.54,0.0,0.0
30309,4/30/2021,50.0,55.0,38.0,0.1,0.0,0.0
30310,5/1/2021,47.0,65.0,31.0,0.0,0.0,0.0
30311,5/2/2021,69.0,80.0,62.0,0.0,0.0,0.0
30312,5/3/2021,63.0,67.0,56.0,0.22,0.0,0.0
30313,5/4/2021,63.0,72.0,49.0,0.01,0.0,0.0
30314,5/5/2021,49.0,49.0,39.0,0.08,0.0,0.0
30315,5/6/2021,47.0,59.0,35.0,0.16,0.0,0.0
30316,5/7/2021,47.0,55.0,42.0,0.29,0.0,0.0
30317,5/8/2021,45.0,52.0,40.0,0.02,0.0,0.0
30318,5/9/2021,42.0,45.0,35.0,1.13,0.0,0.0
30319,5/10/2021,45.0,57.0,33.0,0.0,0.0,0.0
30320,5/11/2021,47.0,54.0,39.0,0.0,0.0,0.0
30321,5/12/2021,49.0,60.0,37.0,0.0,0.0,0.0
30322,5/13/2021,51.0,64.0,34.0,0.0,0.0,0.0
30323,5/14/2021,55.0,68.0,37.0,0.0,0.0,0.0
30324,5/15/2021,58.0,73.0,40.0,0.0,0.0,0.0
30325,5/16/2021,62.0,69.0,54.0,0.0,0.0,0.0
30326,5/17/2021,63.0,74.0,51.0,0.0,0.0,0.0
30327,5/18/2021,65.0,78.0,47.0,0.0,0.0,0.0
30328,5/19/2021,70.0,85.0,54.0,0.0,0.0,0.0
30329,5/20/2021,75.0,88.0,61.0,0.0,0.0,0.0
30330,5/21/2021,75.0,88.0,61.0,0.0,0.0,0.0
30331,5/22/2021,74.0,83.0,64.0,0.0,0.0,0.0
30332,5/23/2021,76.0,87.0,59.0,0.04,0.0,0.0
30333,5/24/2021,68.0,79.0,59.0,0.0,0.0,0.0
30334,5/25/2021,78.0,89.0,70.0,0.0,0.0,0.0
30335,5/26/2021,75.0,80.0,59.0,0.2,0.0,0.0
30336,5/27/2021,60.0,63.0,53.0,0.0,0.0,0.0
30337,5/28/2021,55.0,59.0,45.0,0.97,0.0,0.0
30338,5/29/2021,49.0,57.0,46.0,0.0,0.0,0.0
30339,5/30/2021,57.0,64.0,46.0,0.0,0.0,0.0
30340,5/31/2021,57.0,72.0,42.0,0.0,0.0,0.0
30341,6/1/2021,65.0,75.0,57.0,0.0,0.0,0.0
30342,6/2/2021,64.0,68.0,58.0,0.36,0.0,0.0
30343,6/3/2021,65.0,71.0,63.0,0.17,0.0,0.0
30344,6/4/2021,69.0,83.0,60.0,0.0,0.0,0.0
30345,6/5/2021,76.0,86.0,67.0,0.0,0.0,0.0
30346,6/6/2021,78.0,88.0,64.0,0.0,0.0,0.0
30347,6/7/2021,78.0,82.0,71.0,0.38,0.0,0.0
30348,6/8/2021,75.0,85.0,69.0,0.15,0.0,0.0
30349,6/9/2021,73.0,81.0,68.0,0.15,0.0,0.0
30350,6/10/2021,73.0,81.0,65.0,0.0,0.0,0.0
30351,6/11/2021,74.0,80.0,68.0,0.0,0.0,0.0
30352,6/12/2021,73.0,82.0,64.0,0.0,0.0,0.0
30353,6/13/2021,72.0,80.0,62.0,0.08,0.0,0.0
30354,6/14/2021,69.0,75.0,61.0,0.13,0.0,0.0
30355,6/15/2021,65.0,72.0,55.0,0.04,0.0,0.0
30356,6/16/2021,63.0,71.0,48.0,0.0,0.0,0.0
30357,6/17/2021,66.0,82.0,48.0,0.0,0.0,0.0
30358,6/18/2021,72.0,82.0,65.0,0.23,0.0,0.0
30359,6/19/2021,74.0,81.0,68.0,0.0,0.0,0.0
30360,6/20/2021,76.0,87.0,69.0,0.37,0.0,0.0
30361,6/21/2021,75.0,83.0,61.0,0.65,0.0,0.0
30362,6/22/2021,61.0,65.0,53.0,0.0,0.0,0.0
30363,6/23/2021,63.0,75.0,52.0,0.0,0.0,0.0
30364,6/24/2021,71.0,85.0,59.0,0.0,0.0,0.0
30365,6/25/2021,75.0,80.0,71.0,0.54,0.0,0.0
30366,6/26/2021,78.0,86.0,74.0,0.0,0.0,0.0
30367,6/27/2021,80.0,89.0,74.0,0.14,0.0,0.0
30368,6/28/2021,82.0,90.0,74.0,0.02,0.0,0.0
30369,6/29/2021,81.0,92.0,72.0,0.01,0.0,0.0
30370,6/30/2021,75.0,83.0,71.0,0.33,0.0,0.0
30371,7/1/2021,72.0,78.0,63.0,0.0,0.0,0.0
30372,7/2/2021,67.0,73.0,62.0,0.0,0.0,0.0
30373,7/3/2021,68.0,78.0,55.0,0.0,0.0,0.0
30374,7/4/2021,74.0,86.0,65.0,0.0,0.0,0.0
30375,7/5/2021,79.0,91.0,69.0,0.0,0.0,0.0
30376,7/6/2021,82.0,91.0,72.0,0.0,0.0,0.0
30377,7/7/2021,79.0,91.0,70.0,0.8,0.0,0.0
30378,7/8/2021,72.0,80.0,68.0,1.73,0.0,0.0
30379,7/9/2021,69.0,73.0,64.0,0.0,0.0,0.0
30380,7/10/2021,67.0,77.0,55.0,0.0,0.0,0.0
30381,7/11/2021,69.0,75.0,64.0,0.8,0.0,0.0
30382,7/12/2021,73.0,81.0,69.0,1.11,0.0,0.0
30383,7/13/2021,73.0,79.0,67.0,0.38,0.0,0.0
30384,7/14/2021,72.0,81.0,67.0,0.0,0.0,0.0
30385,7/15/2021,76.0,87.0,69.0,0.0,0.0,0.0
30386,7/16/2021,75.0,82.0,70.0,1.43,0.0,0.0
30387,7/17/2021,69.0,72.0,60.0,0.93,0.0,0.0
30388,7/18/2021,69.0,80.0,58.0,0.0,0.0,0.0
30389,7/19/2021,72.0,81.0,63.0,0.0,0.0,0.0
30390,7/20/2021,74.0,84.0,65.0,0.0,0.0,0.0
30391,7/21/2021,71.0,74.0,63.0,0.0,0.0,0.0
30392,7/22/2021,66.0,75.0,55.0,0.0,0.0,0.0
30393,7/23/2021,68.0,78.0,58.0,0.0,0.0,0.0
30394,7/24/2021,73.0,85.0,65.0,0.44,0.0,0.0
30395,7/25/2021,78.0,86.0,69.0,0.01,0.0,0.0
30396,7/26/2021,76.0,87.0,65.0,0.0,0.0,0.0
30397,7/27/2021,77.0,88.0,65.0,0.0,0.0,0.0
30398,7/28/2021,77.0,85.0,68.0,0.0,0.0,0.0
30399,7/29/2021,77.0,85.0,70.0,0.28,0.0,0.0
30400,7/30/2021,72.0,74.0,64.0,0.0,0.0,0.0
30401,7/31/2021,68.0,78.0,56.0,0.0,0.0,0.0
30402,8/1/2021,69.0,75.0,61.0,0.07,0.0,0.0
30403,8/2/2021,69.0,75.0,59.0,0.0,0.0,0.0
30404,8/3/2021,68.0,80.0,53.0,0.0,0.0,0.0
30405,8/4/2021,70.0,80.0,55.0,0.0,0.0,0.0
30406,8/5/2021,70.0,82.0,54.0,0.0,0.0,0.0
30407,8/6/2021,75.0,87.0,64.0,0.0,0.0,0.0
30408,8/7/2021,76.0,87.0,68.0,0.8,0.0,0.0
30409,8/8/2021,74.0,86.0,65.0,0.18,0.0,0.0
30410,8/9/2021,79.0,91.0,71.0,0.0,0.0,0.0
30411,8/10/2021,77.0,86.0,71.0,1.07,0.0,0.0
30412,8/11/2021,78.0,88.0,70.0,0.38,0.0,0.0
30413,8/12/2021,78.0,89.0,72.0,0.63,0.0,0.0
30414,8/13/2021,78.0,87.0,71.0,1.76,0.0,0.0
30415,8/14/2021,73.0,78.0,65.0,0.0,0.0,0.0
30416,8/15/2021,68.0,76.0,57.0,0.0,0.0,0.0
30417,8/16/2021,71.0,75.0,67.0,0.21,0.0,0.0
30418,8/17/2021,73.0,80.0,69.0,0.01,0.0,0.0
30419,8/18/2021,75.0,80.0,70.0,0.0,0.0,0.0
30420,8/19/2021,74.0,81.0,66.0,0.0,0.0,0.0
30421,8/20/2021,74.0,85.0,62.0,0.0,0.0,0.0
30422,8/21/2021,73.0,84.0,61.0,0.0,0.0,0.0
30423,8/22/2021,77.0,87.0,66.0,0.0,0.0,0.0
30424,8/23/2021,78.0,86.0,68.0,0.0,0.0,0.0
30425,8/24/2021,78.0,91.0,68.0,0.0,0.0,0.0
30426,8/25/2021,77.0,80.0,71.0,1.23,0.0,0.0
30427,8/26/2021,76.0,88.0,69.0,0.0,0.0,0.0
30428,8/27/2021,77.0,87.0,68.0,0.01,0.0,0.0
30429,8/28/2021,80.0,89.0,72.0,0.0,0.0,0.0
30430,8/29/2021,80.0,89.0,73.0,0.75,0.0,0.0
30431,8/30/2021,76.0,84.0,70.0,0.05,0.0,0.0
30432,8/31/2021,73.0,80.0,66.0,0.0,0.0,0.0
30433,9/1/2021,73.0,77.0,69.0,0.0,0.0,0.0
30434,9/2/2021,69.0,74.0,59.0,0.0,0.0,0.0
30435,9/3/2021,65.0,74.0,52.0,0.0,0.0,0.0
30436,9/4/2021,68.0,78.0,59.0,0.02,0.0,0.0
30437,9/5/2021,71.0,77.0,63.0,0.09,0.0,0.0
30438,9/6/2021,69.0,77.0,60.0,0.0,0.0,0.0
30439,9/7/2021,70.0,85.0,56.0,0.0,0.0,0.0
30440,9/8/2021,74.0,80.0,60.0,0.0,0.0,0.0
30441,9/9/2021,63.0,72.0,54.0,0.0,0.0,0.0
30442,9/10/2021,63.0,74.0,54.0,0.0,0.0,0.0
30443,9/11/2021,68.0,80.0,58.0,0.0,0.0,0.0
30444,9/12/2021,75.0,86.0,68.0,0.0,0.0,0.0
30445,9/13/2021,76.0,85.0,69.0,0.0,0.0,0.0
30446,9/14/2021,78.0,89.0,69.0,0.56,0.0,0.0
30447,9/15/2021,72.0,73.0,59.0,0.36,0.0,0.0
30448,9/16/2021,67.0,79.0,56.0,0.0,0.0,0.0
30449,9/17/2021,73.0,83.0,65.0,0.0,0.0,0.0
30450,9/18/2021,73.0,77.0,65.0,0.0,0.0,0.0
30451,9/19/2021,71.0,80.0,60.0,0.0,0.0,0.0
30452,9/20/2021,74.0,86.0,66.0,0.0,0.0,0.0
30453,9/21/2021,72.0,75.0,68.0,0.08,0.0,0.0
30454,9/22/2021,66.0,69.0,59.0,1.93,0.0,0.0
30455,9/23/2021,55.0,59.0,51.0,0.01,0.0,0.0
30456,9/24/2021,60.0,74.0,51.0,0.0,0.0,0.0
30457,9/25/2021,62.0,66.0,51.0,0.0,0.0,0.0
30458,9/26/2021,60.0,77.0,48.0,0.0,0.0,0.0
30459,9/27/2021,70.0,84.0,61.0,0.0,0.0,0.0
30460,9/28/2021,68.0,74.0,51.0,0.0,0.0,0.0
30461,9/29/2021,59.0,71.0,50.0,0.0,0.0,0.0
30462,9/30/2021,58.0,68.0,46.0,0.0,0.0,0.0
30463,10/1/2021,58.0,74.0,43.0,0.0,0.0,0.0
30464,10/2/2021,62.0,77.0,49.0,0.11,0.0,0.0
30465,10/3/2021,69.0,75.0,65.0,0.09,0.0,0.0
30466,10/4/2021,68.0,72.0,63.0,0.06,0.0,0.0
30467,10/5/2021,66.0,76.0,58.0,0.0,0.0,0.0
30468,10/6/2021,67.0,77.0,62.0,0.0,0.0,0.0
30469,10/7/2021,70.0,80.0,65.0,0.59,0.0,0.0
30470,10/8/2021,69.0,78.0,63.0,0.75,0.0,0.0
30471,10/9/2021,68.0,77.0,63.0,0.0,0.0,0.0
30472,10/10/2021,68.0,77.0,63.0,0.0,0.0,0.0
30473,10/11/2021,71.0,80.0,63.0,0.0,0.0,0.0
30474,10/12/2021,71.0,77.0,60.0,0.0,0.0,0.0
30475,10/13/2021,65.0,74.0,58.0,0.0,0.0,0.0
30476,10/14/2021,71.0,82.0,64.0,0.0,0.0,0.0
30477,10/15/2021,72.0,80.0,62.0,0.1,0.0,0.0
30478,10/16/2021,60.0,62.0,50.0,0.28,0.0,0.0
30479,10/17/2021,53.0,61.0,47.0,0.05,0.0,0.0
30480,10/18/2021,53.0,61.0,43.0,0.0,0.0,0.0
30481,10/19/2021,55.0,72.0,43.0,0.0,0.0,0.0
30482,10/20/2021,60.0,72.0,47.0,0.0,0.0,0.0
30483,10/21/2021,61.0,64.0,52.0,0.18,0.0,0.0
30484,10/22/2021,52.0,55.0,45.0,0.11,0.0,0.0
30485,10/23/2021,48.0,56.0,43.0,0.03,0.0,0.0
30486,10/24/2021,47.0,54.0,37.0,1.15,0.0,0.0
30487,10/25/2021,57.0,64.0,50.0,0.45,0.0,0.0
30488,10/26/2021,50.0,50.0,47.0,0.13,0.0,0.0
30489,10/27/2021,51.0,56.0,48.0,0.02,0.0,0.0
30490,10/28/2021,53.0,63.0,45.0,0.09,0.0,0.0
30491,10/29/2021,56.0,57.0,50.0,0.43,0.0,0.0
30492,10/30/2021,53.0,57.0,51.0,0.25,0.0,0.0
30493,10/31/2021,54.0,60.0,48.0,0.02,0.0,0.0
30494,11/1/2021,48.0,53.0,39.0,0.0,0.0,0.0
30495,11/2/2021,42.0,48.0,36.0,0.02,0.0,0.0
30496,11/3/2021,40.0,47.0,33.0,0.0,0.0,0.0
30497,11/4/2021,38.0,48.0,29.0,0.0,0.0,0.0
30498,11/5/2021,40.0,51.0,32.0,0.0,0.0,0.0
30499,11/6/2021,40.0,54.0,28.0,0.0,0.0,0.0
30500,11/7/2021,45.0,62.0,33.0,0.0,0.0,0.0
30501,11/8/2021,53.0,72.0,41.0,0.0,0.0,0.0
30502,11/9/2021,55.0,67.0,45.0,0.0,0.0,0.0
30503,11/10/2021,51.0,60.0,41.0,0.0,0.0,0.0
30504,11/11/2021,56.0,70.0,48.0,0.39,0.0,0.0
30505,11/12/2021,50.0,56.0,40.0,0.0,0.0,0.0
30506,11/13/2021,39.0,43.0,35.0,0.01,0.0,0.0
30507,11/14/2021,37.0,38.0,34.0,0.25,1.0,0.0
30508,11/15/2021,37.0,41.0,31.0,0.09,0.0,0.0
30509,11/16/2021,36.0,47.0,29.0,0.0,0.0,0.0
30510,11/17/2021,53.0,66.0,42.0,0.0,0.0,0.0
30511,11/18/2021,50.0,64.0,34.0,0.24,0.0,0.0
30512,11/19/2021,35.0,41.0,30.0,0.0,0.0,0.0
30513,11/20/2021,35.0,45.0,27.0,0.0,0.0,0.0
30514,11/21/2021,41.0,45.0,32.0,0.09,0.0,0.0
30515,11/22/2021,38.0,43.0,32.0,0.0,0.0,0.0
30516,11/23/2021,32.0,37.0,25.0,0.0,0.0,0.0
30517,11/24/2021,36.0,50.0,26.0,0.0,0.0,0.0
30518,11/25/2021,46.0,49.0,38.0,0.47,0.0,0.0
30519,11/26/2021,35.0,38.0,28.0,0.01,0.0,0.0
30520,11/27/2021,31.0,36.0,29.0,0.23,2.0,0.0
30521,11/28/2021,34.0,38.0,32.0,0.08,0.6,2.0
30522,11/29/2021,35.0,40.0,30.0,0.03,0.3,1.2
30523,11/30/2021,37.0,45.0,32.0,0.04,0.5,1.2
30524,12/1/2021,39.0,47.0,31.0,0.16,0.0,0.0
30525,12/2/2021,48.0,56.0,42.0,0.0,0.0,0.0
30526,12/3/2021,40.0,43.0,34.0,0.01,0.0,0.0
30527,12/4/2021,37.0,44.0,28.0,0.0,0.0,0.0
30528,12/5/2021,38.0,56.0,35.0,0.01,0.0,0.0
30529,12/6/2021,48.0,56.0,31.0,0.49,0.0,0.0
30530,12/7/2021,28.0,31.0,22.0,0.0,0.0,0.0
30531,12/8/2021,27.0,32.0,23.0,0.0,0.0,0.0
30532,12/9/2021,31.0,44.0,24.0,0.0,0.0,0.0
30533,12/10/2021,47.0,57.0,43.0,0.01,0.0,0.0
30534,12/11/2021,54.0,64.0,34.0,0.68,0.0,0.0
30535,12/12/2021,38.0,47.0,30.0,0.0,0.0,0.0
30536,12/13/2021,42.0,50.0,35.0,0.0,0.0,0.0
30537,12/14/2021,40.0,53.0,27.0,0.0,0.0,0.0
30538,12/15/2021,50.0,59.0,46.0,0.11,0.0,0.0
30539,12/16/2021,60.0,63.0,40.0,0.0,0.0,0.0
30540,12/17/2021,39.0,44.0,31.0,0.0,0.0,0.0
30541,12/18/2021,38.0,40.0,34.0,0.5,0.0,0.0
30542,12/19/2021,34.0,35.0,30.0,0.04,0.0,0.0
30543,12/20/2021,34.0,42.0,29.0,0.0,0.0,0.0
30544,12/21/2021,36.0,43.0,30.0,0.0,0.0,0.0
30545,12/22/2021,33.0,40.0,27.0,0.0,0.0,0.0
30546,12/23/2021,29.0,43.0,24.0,0.0,0.0,0.0
30547,12/24/2021,47.0,55.0,42.0,0.0,0.0,0.0
30548,12/25/2021,53.0,58.0,40.0,0.37,0.0,0.0
30549,12/26/2021,40.0,43.0,35.0,0.0,0.0,0.0
30550,12/27/2021,39.0,53.0,35.0,0.23,0.0,0.0
30551,12/28/2021,40.0,43.0,33.0,0.29,0.2,0.0
30552,12/29/2021,38.0,43.0,37.0,0.0,0.0,0.0
30553,12/30/2021,39.0,43.0,38.0,0.0,0.0,0.0
30554,12/31/2021,44.0,54.0,41.0,0.0,0.0,0.0
30555,1/1/2022,47.0,54.0,37.0,0.44,0.0,0.0
30556,1/2/2022,33.0,37.0,25.0,0.13,0.4,0.0
30557,1/3/2022,26.0,28.0,22.0,0.0,0.0,0.0
30558,1/4/2022,28.0,40.0,23.0,0.0,0.0,0.0
30559,1/5/2022,38.0,42.0,17.0,0.0,0.0,0.0
30560,1/6/2022,20.0,23.0,16.0,0.0,0.0,0.0
30561,1/7/2022,19.0,22.0,15.0,0.0,1.0,1.2
30562,1/8/2022,23.0,40.0,14.0,0.0,0.0,0.0
30563,1/9/2022,38.0,43.0,22.0,0.44,0.0,0.0
30564,1/10/2022,22.0,24.0,15.0,0.0,0.0,0.0
30565,1/11/2022,17.0,29.0,12.0,0.0,0.0,0.0
30566,1/12/2022,34.0,43.0,29.0,0.02,0.0,0.0
30567,1/13/2022,37.0,46.0,30.0,0.0,0.0,0.0
30568,1/14/2022,32.0,34.0,24.0,0.03,0.0,0.0
30569,1/15/2022,22.0,24.0,15.0,0.0,0.1,0.0
30570,1/16/2022,20.0,31.0,12.0,0.3,4.2,0.0
30571,1/17/2022,27.0,30.0,25.0,0.53,5.8,7.9
30572,1/18/2022,29.0,31.0,26.0,0.0,0.0,9.1
30573,1/19/2022,36.0,42.0,25.0,0.0,0.0,7.9
30574,1/20/2022,23.0,25.0,17.0,0.02,1.4,5.1
30575,1/21/2022,18.0,21.0,2.0,0.04,1.1,7.1
30576,1/22/2022,12.0,27.0,-3.0,0.0,0.0,7.1
30577,1/23/2022,26.0,27.0,18.0,0.27,7.2,5.9
30578,1/24/2022,19.0,28.0,9.0,0.11,1.2,9.1
30579,1/25/2022,23.0,27.0,14.0,0.0,0.0,9.1
30580,1/26/2022,13.0,18.0,4.0,0.0,0.0,7.1
30581,1/27/2022,14.0,29.0,3.0,0.02,0.3,7.1
30582,1/28/2022,24.0,28.0,12.0,0.08,1.3,7.9
30583,1/29/2022,13.0,18.0,3.0,0.0,0.0,7.1
30584,1/30/2022,15.0,24.0,6.0,0.03,0.3,5.9
30585,1/31/2022,18.0,34.0,7.0,0.0,0.0,7.1
30586,2/1/2022,31.0,48.0,21.0,0.0,0.0,7.1
30587,2/2/2022,42.0,45.0,29.0,0.48,0.8,1.2
30588,2/3/2022,28.0,29.0,21.0,0.48,8.0,2.0
30589,2/4/2022,20.0,21.0,14.0,0.05,1.0,9.8
30590,2/5/2022,16.0,25.0,8.0,0.03,0.5,9.8
30591,2/6/2022,22.0,35.0,14.0,0.0,0.0,9.8
30592,2/7/2022,31.0,37.0,26.0,0.0,0.0,9.1
30593,2/8/2022,26.0,34.0,21.0,0.0,0.0,9.1
30594,2/9/2022,38.0,46.0,34.0,0.0,0.0,7.9
30595,2/10/2022,37.0,37.0,29.0,0.0,0.0,5.9
30596,2/11/2022,37.0,47.0,29.0,0.09,0.0,5.9
30597,2/12/2022,32.0,38.0,21.0,0.0,0.1,3.9
30598,2/13/2022,20.0,22.0,13.0,0.22,4.3,3.9
30599,2/14/2022,15.0,21.0,5.0,0.0,0.1,5.9
30600,2/15/2022,18.0,33.0,7.0,0.0,0.0,3.9
30601,2/16/2022,42.0,55.0,33.0,0.0,0.0,3.9
30602,2/17/2022,49.0,56.0,27.0,0.86,0.6,0.0
30603,2/18/2022,23.0,27.0,17.0,0.08,1.8,3.1
30604,2/19/2022,23.0,31.0,12.0,0.0,0.6,1.2
30605,2/20/2022,26.0,49.0,13.0,0.0,0.0,1.2
30606,2/21/2022,48.0,58.0,41.0,0.0,0.0,0.0
30607,2/22/2022,54.0,60.0,49.0,0.38,0.0,0.0
30608,2/23/2022,37.0,52.0,22.0,0.01,0.1,0.0
30609,2/24/2022,25.0,30.0,22.0,0.07,0.0,0.0
30610,2/25/2022,26.0,29.0,22.0,0.31,1.0,0.0
30611,2/26/2022,23.0,28.0,18.0,0.0,0.0,1.2
30612,2/27/2022,29.0,41.0,23.0,0.0,0.0,0.0
30613,2/28/2022,31.0,41.0,25.0,0.0,0.0,0.0
30614,3/1/2022,42.0,47.0,34.0,0.05,0.0,0.0
30615,3/2/2022,38.0,50.0,27.0,0.18,0.4,0.0
30616,3/3/2022,30.0,34.0,20.0,0.05,0.4,1.2
30617,3/4/2022,26.0,40.0,17.0,0.0,0.0,0.0
30618,3/5/2022,44.0,71.0,33.0,0.0,0.0,0.0
30619,3/6/2022,65.0,71.0,39.0,0.14,0.0,0.0
30620,3/7/2022,40.0,49.0,34.0,0.88,0.0,0.0
30621,3/8/2022,35.0,38.0,31.0,0.0,0.0,0.0
30622,3/9/2022,36.0,44.0,32.0,0.0,0.0,0.0
30623,3/10/2022,35.0,42.0,27.0,0.0,0.0,0.0
30624,3/11/2022,33.0,45.0,26.0,0.18,0.6,0.0
30625,3/12/2022,24.0,29.0,18.0,0.0,0.1,1.2
30626,3/13/2022,23.0,42.0,14.0,0.01,0.3,1.2
30627,3/14/2022,45.0,61.0,34.0,0.0,0.0,0.0
30628,3/15/2022,52.0,59.0,40.0,0.0,0.0,0.0
30629,3/16/2022,50.0,70.0,33.0,0.0,0.0,0.0
30630,3/17/2022,56.0,72.0,38.0,0.0,0.0,0.0
30631,3/18/2022,59.0,73.0,46.0,0.14,0.0,0.0
30632,3/19/2022,54.0,57.0,39.0,0.4,0.0,0.0
30633,3/20/2022,43.0,53.0,37.0,0.09,0.0,0.0
30634,3/21/2022,49.0,62.0,39.0,0.0,0.0,0.0
30635,3/22/2022,49.0,54.0,43.0,0.07,0.0,0.0
30636,3/23/2022,52.0,60.0,47.0,0.43,0.0,0.0
30637,3/24/2022,51.0,54.0,41.0,0.0,0.0,0.0
30638,3/25/2022,43.0,43.0,37.0,0.26,0.0,0.0
30639,3/26/2022,36.0,38.0,30.0,0.24,0.0,0.0
30640,3/27/2022,28.0,30.0,24.0,0.11,0.7,1.2
30641,3/28/2022,24.0,27.0,19.0,0.0,0.0,0.0
30642,3/29/2022,26.0,37.0,17.0,0.0,0.0,0.0
30643,3/30/2022,46.0,71.0,35.0,0.07,0.0,0.0
30644,3/31/2022,60.0,70.0,39.0,0.04,0.0,0.0
30645,4/1/2022,38.0,40.0,34.0,0.14,0.0,0.0
30646,4/2/2022,38.0,48.0,28.0,0.0,0.0,0.0
30647,4/3/2022,38.0,41.0,32.0,0.21,0.6,1.2
30648,4/4/2022,37.0,44.0,30.0,0.14,0.0,0.0
30649,4/5/2022,46.0,55.0,39.0,0.0,0.0,0.0
30650,4/6/2022,54.0,63.0,46.0,0.12,0.0,0.0
30651,4/7/2022,50.0,56.0,42.0,0.0,0.0,0.0
30652,4/8/2022,43.0,49.0,38.0,0.08,0.0,0.0
30653,4/9/2022,40.0,43.0,37.0,0.0,0.0,0.0
30654,4/10/2022,42.0,49.0,37.0,0.01,0.0,0.0
30655,4/11/2022,50.0,58.0,42.0,0.76,0.0,0.0
30656,4/12/2022,54.0,64.0,44.0,0.05,0.0,0.0
30657,4/13/2022,65.0,73.0,61.0,0.13,0.0,0.0
30658,4/14/2022,56.0,62.0,45.0,0.18,0.0,0.0
30659,4/15/2022,54.0,69.0,46.0,0.0,0.0,0.0
30660,4/16/2022,47.0,50.0,38.0,0.27,0.0,0.0
30661,4/17/2022,37.0,40.0,33.0,0.0,0.0,0.0
30662,4/18/2022,36.0,42.0,34.0,0.53,1.0,0.0
30663,4/19/2022,37.0,44.0,33.0,0.29,1.1,1.2
30664,4/20/2022,42.0,57.0,30.0,0.0,0.0,0.0
30665,4/21/2022,56.0,67.0,50.0,0.1,0.0,0.0
30666,4/22/2022,52.0,58.0,42.0,0.0,0.0,0.0
30667,4/23/2022,64.0,84.0,50.0,0.01,0.0,0.0
30668,4/24/2022,75.0,83.0,67.0,0.0,0.0,0.0
30669,4/25/2022,69.0,77.0,53.0,0.45,0.0,0.0
30670,4/26/2022,49.0,53.0,40.0,0.0,0.0,0.0
30671,4/27/2022,39.0,40.0,30.0,0.0,0.0,0.0
30672,4/28/2022,37.0,48.0,29.0,0.0,0.0,0.0
30673,4/29/2022,44.0,56.0,29.0,0.0,0.0,0.0
30674,4/30/2022,54.0,68.0,45.0,0.0,0.0,0.0
30675,5/1/2022,65.0,78.0,56.0,0.27,0.0,0.0
30676,5/2/2022,56.0,59.0,50.0,0.0,0.0,0.0
30677,5/3/2022,56.0,70.0,49.0,0.43,0.0,0.0
30678,5/4/2022,52.0,54.0,46.0,0.06,0.0,0.0
30679,5/5/2022,51.0,59.0,44.0,0.18,0.0,0.0
30680,5/6/2022,52.0,55.0,48.0,1.06,0.0,0.0
30681,5/7/2022,51.0,55.0,44.0,0.0,0.0,0.0
30682,5/8/2022,51.0,61.0,37.0,0.0,0.0,0.0
30683,5/9/2022,60.0,74.0,47.0,0.0,0.0,0.0
30684,5/10/2022,68.0,81.0,57.0,0.0,0.0,0.0
30685,5/11/2022,71.0,84.0,58.0,0.0,0.0,0.0
30686,5/12/2022,69.0,84.0,51.0,0.0,0.0,0.0
30687,5/13/2022,72.0,82.0,64.0,0.0,0.0,0.0
30688,5/14/2022,71.0,80.0,63.0,0.0,0.0,0.0
30689,5/15/2022,70.0,83.0,58.0,0.0,0.0,0.0
30690,5/16/2022,65.0,74.0,56.0,0.13,0.0,0.0
30691,5/17/2022,60.0,66.0,50.0,0.0,0.0,0.0
30692,5/18/2022,55.0,60.0,47.0,0.39,0.0,0.0
30693,5/19/2022,65.0,80.0,57.0,0.0,0.0,0.0
30694,5/20/2022,74.0,86.0,67.0,0.09,0.0,0.0
30695,5/21/2022,79.0,87.0,64.0,0.86,0.0,0.0
30696,5/22/2022,62.0,67.0,50.0,0.0,0.0,0.0
30697,5/23/2022,56.0,60.0,51.0,0.0,0.0,0.0
30698,5/24/2022,58.0,65.0,50.0,0.0,0.0,0.0
30699,5/25/2022,67.0,78.0,58.0,0.0,0.0,0.0
30700,5/26/2022,72.0,77.0,65.0,0.42,0.0,0.0
30701,5/27/2022,66.0,74.0,61.0,0.47,0.0,0.0
30702,5/28/2022,63.0,71.0,57.0,0.0,0.0,0.0
30703,5/29/2022,68.0,80.0,56.0,0.0,0.0,0.0
30704,5/30/2022,76.0,88.0,64.0,0.0,0.0,0.0
30705,5/31/2022,81.0,89.0,73.0,0.0,0.0,0.0
30706,6/1/2022,79.0,90.0,69.0,0.42,0.0,0.0
30707,6/2/2022,66.0,69.0,57.0,0.0,0.0,0.0
30708,6/3/2022,65.0,78.0,53.0,0.0,0.0,0.0
30709,6/4/2022,64.0,70.0,55.0,0.0,0.0,0.0
30710,6/5/2022,66.0,79.0,59.0,0.0,0.0,0.0
30711,6/6/2022,72.0,82.0,64.0,0.31,0.0,0.0
30712,6/7/2022,68.0,75.0,57.0,0.35,0.0,0.0
30713,6/8/2022,63.0,74.0,52.0,0.3,0.0,0.0
30714,6/9/2022,63.0,72.0,57.0,0.12,0.0,0.0
30715,6/10/2022,66.0,78.0,53.0,0.01,0.0,0.0
30716,6/11/2022,69.0,77.0,62.0,0.0,0.0,0.0
30717,6/12/2022,73.0,84.0,65.0,0.16,0.0,0.0
30718,6/13/2022,74.0,82.0,65.0,0.11,0.0,0.0
30719,6/14/2022,76.0,84.0,69.0,0.24,0.0,0.0
30720,6/15/2022,83.0,95.0,75.0,0.0,0.0,0.0
30721,6/16/2022,86.0,93.0,78.0,0.0,0.0,0.0
30722,6/17/2022,78.0,82.0,63.0,0.0,0.0,0.0
30723,6/18/2022,65.0,69.0,56.0,0.0,0.0,0.0
30724,6/19/2022,64.0,73.0,49.0,0.0,0.0,0.0
30725,6/20/2022,67.0,77.0,62.0,0.0,0.0,0.0
30726,6/21/2022,79.0,95.0,65.0,0.0,0.0,0.0
30727,6/22/2022,84.0,91.0,70.0,0.0,0.0,0.0
30728,6/23/2022,73.0,78.0,61.0,0.0,0.0,0.0
30729,6/24/2022,70.0,83.0,53.0,0.0,0.0,0.0
30730,6/25/2022,75.0,90.0,59.0,0.0,0.0,0.0
30731,6/26/2022,78.0,88.0,70.0,0.53,0.0,0.0
30732,6/27/2022,72.0,75.0,61.0,0.0,0.0,0.0
30733,6/28/2022,68.0,76.0,56.0,0.0,0.0,0.0
30734,6/29/2022,70.0,83.0,58.0,0.0,0.0,0.0
30735,6/30/2022,78.0,90.0,66.0,0.0,0.0,0.0
30736,7/1/2022,82.0,94.0,71.0,0.33,0.0,0.0
30737,7/2/2022,74.0,82.0,67.0,0.0,0.0,0.0
30738,7/3/2022,75.0,83.0,63.0,0.0,0.0,0.0
30739,7/4/2022,76.0,90.0,65.0,0.0,0.0,0.0
30740,7/5/2022,79.0,88.0,70.0,0.26,0.0,0.0
30741,7/6/2022,76.0,78.0,68.0,0.24,0.0,0.0
30742,7/7/2022,73.0,80.0,65.0,0.0,0.0,0.0
30743,7/8/2022,75.0,82.0,66.0,0.0,0.0,0.0
30744,7/9/2022,74.0,78.0,66.0,0.0,0.0,0.0
30745,7/10/2022,71.0,81.0,55.0,0.0,0.0,0.0
30746,7/11/2022,74.0,90.0,58.0,0.0,0.0,0.0
30747,7/12/2022,81.0,86.0,72.0,0.0,0.0,0.0
30748,7/13/2022,73.0,81.0,64.0,0.35,0.0,0.0
30749,7/14/2022,69.0,77.0,59.0,0.0,0.0,0.0
30750,7/15/2022,69.0,83.0,54.0,0.0,0.0,0.0
30751,7/16/2022,71.0,79.0,62.0,0.37,0.0,0.0
30752,7/17/2022,72.0,74.0,70.0,1.16,0.0,0.0
30753,7/18/2022,74.0,84.0,70.0,0.43,0.0,0.0
30754,7/19/2022,78.0,88.0,68.0,0.0,0.0,0.0
30755,7/20/2022,81.0,90.0,73.0,0.06,0.0,0.0
30756,7/21/2022,79.0,88.0,71.0,0.0,0.0,0.0
30757,7/22/2022,80.0,89.0,70.0,0.0,0.0,0.0
30758,7/23/2022,76.0,82.0,67.0,0.01,0.0,0.0
30759,7/24/2022,80.0,89.0,71.0,1.03,0.0,0.0
30760,7/25/2022,76.0,79.0,66.0,0.11,0.0,0.0
30761,7/26/2022,71.0,81.0,62.0,0.0,0.0,0.0
30762,7/27/2022,72.0,79.0,64.0,0.29,0.0,0.0
30763,7/28/2022,77.0,85.0,72.0,0.0,0.0,0.0
30764,7/29/2022,75.0,80.0,66.0,0.0,0.0,0.0
30765,7/30/2022,71.0,79.0,62.0,0.0,0.0,0.0
30766,7/31/2022,72.0,84.0,62.0,0.0,0.0,0.0
30767,8/1/2022,74.0,84.0,67.0,0.0,0.0,0.0
30768,8/2/2022,75.0,80.0,67.0,0.0,0.0,0.0
30769,8/3/2022,77.0,91.0,66.0,0.09,0.0,0.0
30770,8/4/2022,78.0,85.0,73.0,0.07,0.0,0.0
30771,8/5/2022,78.0,89.0,71.0,1.56,0.0,0.0
30772,8/6/2022,78.0,88.0,70.0,0.0,0.0,0.0
30773,8/7/2022,81.0,90.0,74.0,0.0,0.0,0.0
30774,8/8/2022,81.0,89.0,73.0,0.91,0.0,0.0
30775,8/9/2022,72.0,75.0,64.0,0.41,0.0,0.0
30776,8/10/2022,71.0,78.0,63.0,0.0,0.0,0.0
30777,8/11/2022,70.0,76.0,62.0,0.0,0.0,0.0
30778,8/12/2022,69.0,76.0,57.0,0.0,0.0,0.0
30779,8/13/2022,66.0,77.0,53.0,0.0,0.0,0.0
30780,8/14/2022,69.0,72.0,64.0,0.01,0.0,0.0
30781,8/15/2022,71.0,80.0,61.0,0.01,0.0,0.0
30782,8/16/2022,70.0,78.0,62.0,0.0,0.0,0.0
30783,8/17/2022,72.0,78.0,63.0,0.0,0.0,0.0
30784,8/18/2022,71.0,81.0,59.0,0.0,0.0,0.0
30785,8/19/2022,72.0,85.0,59.0,0.0,0.0,0.0
30786,8/20/2022,75.0,87.0,64.0,0.16,0.0,0.0
30787,8/21/2022,69.0,78.0,65.0,0.55,0.0,0.0
30788,8/22/2022,70.0,78.0,65.0,0.0,0.0,0.0
30789,8/23/2022,72.0,80.0,62.0,0.0,0.0,0.0
30790,8/24/2022,72.0,82.0,62.0,0.0,0.0,0.0
30791,8/25/2022,73.0,84.0,61.0,0.0,0.0,0.0
30792,8/26/2022,74.0,79.0,67.0,0.0,0.0,0.0
30793,8/27/2022,70.0,79.0,57.0,0.0,0.0,0.0
30794,8/28/2022,74.0,88.0,62.0,0.0,0.0,0.0
30795,8/29/2022,80.0,89.0,69.0,1.77,0.0,0.0
30796,8/30/2022,73.0,79.0,69.0,0.09,0.0,0.0
30797,8/31/2022,72.0,80.0,60.0,0.0,0.0,0.0
30798,9/1/2022,71.0,81.0,62.0,0.0,0.0,0.0
30799,9/2/2022,72.0,85.0,61.0,0.0,0.0,0.0
30800,9/3/2022,76.0,86.0,67.0,0.0,0.0,0.0
30801,9/4/2022,72.0,73.0,69.0,0.44,0.0,0.0
30802,9/5/2022,71.0,72.0,68.0,0.13,0.0,0.0
30803,9/6/2022,69.0,70.0,62.0,0.1,0.0,0.0
30804,9/7/2022,67.0,74.0,58.0,0.0,0.0,0.0
30805,9/8/2022,67.0,77.0,56.0,0.0,0.0,0.0
30806,9/9/2022,69.0,84.0,56.0,0.0,0.0,0.0
30807,9/10/2022,72.0,82.0,65.0,0.0,0.0,0.0
30808,9/11/2022,70.0,74.0,66.0,0.11,0.0,0.0
30809,9/12/2022,68.0,72.0,58.0,0.0,0.0,0.0
30810,9/13/2022,62.0,71.0,58.0,0.16,0.0,0.0
30811,9/14/2022,65.0,78.0,56.0,0.0,0.0,0.0
30812,9/15/2022,67.0,73.0,59.0,0.0,0.0,0.0
30813,9/16/2022,67.0,81.0,55.0,0.0,0.0,0.0
30814,9/17/2022,71.0,82.0,61.0,0.0,0.0,0.0
30815,9/18/2022,74.0,84.0,64.0,0.0,0.0,0.0
30816,9/19/2022,74.0,81.0,64.0,0.5,0.0,0.0
30817,9/20/2022,69.0,79.0,58.0,0.0,0.0,0.0
30818,9/21/2022,75.0,87.0,66.0,0.08,0.0,0.0
30819,9/22/2022,66.0,74.0,57.0,0.05,0.0,0.0
30820,9/23/2022,57.0,61.0,50.0,0.0,0.0,0.0
30821,9/24/2022,56.0,64.0,48.0,0.0,0.0,0.0
30822,9/25/2022,62.0,68.0,57.0,0.68,0.0,0.0
30823,9/26/2022,58.0,65.0,53.0,0.69,0.0,0.0
30824,9/27/2022,54.0,61.0,49.0,0.2,0.0,0.0
30825,9/28/2022,54.0,58.0,50.0,0.46,0.0,0.0
30826,9/29/2022,56.0,59.0,41.0,0.0,0.0,0.0
30827,9/30/2022,51.0,63.0,39.0,0.0,0.0,0.0
30828,10/1/2022,58.0,64.0,52.0,0.0,0.0,0.0
30829,10/2/2022,59.0,62.0,50.0,0.0,0.0,0.0
30830,10/3/2022,53.0,61.0,43.0,0.0,0.0,0.0
30831,10/4/2022,52.0,64.0,41.0,0.0,0.0,0.0
30832,10/5/2022,55.0,72.0,41.0,0.0,0.0,0.0
30833,10/6/2022,59.0,76.0,47.0,0.0,0.0,0.0
30834,10/7/2022,56.0,61.0,47.0,0.07,0.0,0.0
30835,10/8/2022,49.0,55.0,42.0,0.0,0.0,0.0
30836,10/9/2022,50.0,65.0,41.0,0.0,0.0,0.0
30837,10/10/2022,56.0,65.0,46.0,0.0,0.0,0.0
30838,10/11/2022,61.0,74.0,53.0,0.0,0.0,0.0
30839,10/12/2022,62.0,71.0,56.0,1.46,0.0,0.0
30840,10/13/2022,57.0,61.0,47.0,0.13,0.0,0.0
30841,10/14/2022,50.0,61.0,39.0,0.0,0.0,0.0
30842,10/15/2022,53.0,57.0,39.0,0.0,0.0,0.0
30843,10/16/2022,51.0,67.0,38.0,0.01,0.0,0.0
30844,10/17/2022,47.0,52.0,39.0,0.05,0.0,0.0
30845,10/18/2022,40.0,43.0,35.0,0.55,0.0,0.0
30846,10/19/2022,40.0,45.0,36.0,0.75,0.0,0.0
30847,10/20/2022,40.0,47.0,35.0,0.0,0.0,0.0
30848,10/21/2022,53.0,68.0,43.0,0.0,0.0,0.0
30849,10/22/2022,61.0,74.0,49.0,0.0,0.0,0.0
30850,10/23/2022,64.0,76.0,53.0,0.0,0.0,0.0
30851,10/24/2022,62.0,76.0,50.0,0.0,0.0,0.0
30852,10/25/2022,63.0,76.0,54.0,0.0,0.0,0.0
30853,10/26/2022,59.0,66.0,47.0,0.26,0.0,0.0
30854,10/27/2022,48.0,53.0,41.0,0.0,0.0,0.0
30855,10/28/2022,47.0,59.0,38.0,0.0,0.0,0.0
30856,10/29/2022,48.0,66.0,35.0,0.0,0.0,0.0
30857,10/30/2022,51.0,64.0,38.0,0.0,0.0,0.0
30858,10/31/2022,61.0,70.0,56.0,0.06,0.0,0.0
30859,11/1/2022,60.0,64.0,47.0,0.08,0.0,0.0
30860,11/2/2022,54.0,68.0,41.0,0.0,0.0,0.0
30861,11/3/2022,53.0,68.0,40.0,0.0,0.0,0.0
30862,11/4/2022,62.0,71.0,53.0,0.0,0.0,0.0
30863,11/5/2022,69.0,77.0,63.0,0.0,0.0,0.0
30864,11/6/2022,65.0,71.0,52.0,0.0,0.0,0.0
30865,11/7/2022,55.0,59.0,46.0,0.0,0.0,0.0
30866,11/8/2022,48.0,54.0,42.0,0.0,0.0,0.0
30867,11/9/2022,52.0,67.0,43.0,0.0,0.0,0.0
30868,11/10/2022,60.0,70.0,53.0,0.0,0.0,0.0
30869,11/11/2022,58.0,60.0,52.0,1.35,0.0,0.0
30870,11/12/2022,44.0,52.0,34.0,0.07,0.0,0.0
30871,11/13/2022,36.0,39.0,33.0,0.07,0.6,0.0
30872,11/14/2022,36.0,38.0,35.0,0.0,0.0,0.0
30873,11/15/2022,37.0,39.0,35.0,0.06,0.0,0.0
30874,11/16/2022,36.0,38.0,33.0,0.02,0.2,0.0
30875,11/17/2022,33.0,36.0,30.0,0.17,1.0,0.0
30876,11/18/2022,31.0,32.0,24.0,0.0,0.0,0.0
30877,11/19/2022,27.0,32.0,22.0,0.01,0.0,0.0
30878,11/20/2022,24.0,29.0,19.0,0.0,0.0,0.0
30879,11/21/2022,32.0,48.0,23.0,0.0,0.0,0.0
30880,11/22/2022,39.0,55.0,25.0,0.0,0.0,0.0
30881,11/23/2022,44.0,57.0,29.0,0.0,0.0,0.0
30882,11/24/2022,44.0,59.0,28.0,0.01,0.0,0.0
30883,11/25/2022,48.0,50.0,36.0,0.03,0.0,0.0
30884,11/26/2022,42.0,57.0,32.0,0.0,0.0,0.0
30885,11/27/2022,50.0,59.0,42.0,0.53,0.0,0.0
30886,11/28/2022,42.0,43.0,39.0,0.02,0.0,0.0
30887,11/29/2022,44.0,56.0,40.0,0.0,0.0,0.0
30888,11/30/2022,46.0,56.0,29.0,0.04,0.0,0.0
30889,12/1/2022,30.0,36.0,26.0,0.0,0.0,0.0
30890,12/2/2022,37.0,56.0,29.0,0.01,0.0,0.0
30891,12/3/2022,48.0,56.0,28.0,0.07,0.0,0.0
30892,12/4/2022,30.0,38.0,22.0,0.0,0.0,0.0
30893,12/5/2022,37.0,51.0,28.0,0.0,0.0,0.0
30894,12/6/2022,46.0,50.0,42.0,0.03,0.0,0.0
30895,12/7/2022,47.0,48.0,43.0,0.01,0.0,0.0
30896,12/8/2022,43.0,44.0,38.0,0.0,0.0,0.0
30897,12/9/2022,40.0,45.0,36.0,0.0,0.0,0.0
30898,12/10/2022,38.0,41.0,36.0,0.0,0.0,0.0
30899,12/11/2022,39.0,40.0,37.0,0.04,0.0,0.0
30900,12/12/2022,37.0,38.0,34.0,0.03,0.0,0.0
30901,12/13/2022,34.0,40.0,31.0,0.0,0.0,0.0
30902,12/14/2022,35.0,42.0,31.0,0.0,0.0,0.0
30903,12/15/2022,42.0,45.0,38.0,0.2,0.0,0.0
30904,12/16/2022,37.0,39.0,32.0,0.02,0.1,0.0
30905,12/17/2022,32.0,32.0,27.0,0.03,0.7,1.2
30906,12/18/2022,27.0,28.0,24.0,0.0,0.0,0.0
30907,12/19/2022,25.0,27.0,23.0,0.0,0.0,0.0
30908,12/20/2022,29.0,37.0,23.0,0.0,0.0,0.0
30909,12/21/2022,29.0,39.0,23.0,0.0,0.0,0.0
30910,12/22/2022,39.0,47.0,31.0,0.0,0.0,0.0
30911,12/23/2022,17.0,43.0,-4.0,0.24,3.6,3.1
30912,12/24/2022,2.0,13.0,-1.0,0.01,0.1,3.9
30913,12/25/2022,12.0,14.0,11.0,0.0,0.2,3.9
30914,12/26/2022,14.0,21.0,9.0,0.0,0.0,3.1
30915,12/27/2022,23.0,32.0,20.0,0.0,0.0,2.0
30916,12/28/2022,35.0,44.0,31.0,0.0,0.0,2.0
30917,12/29/2022,47.0,57.0,43.0,0.0,0.0,0.0
30918,12/30/2022,58.0,63.0,53.0,0.04,0.0,0.0
30919,12/31/2022,51.0,54.0,39.0,0.46,0.0,0.0
30920,1/1/2023,42.0,49.0,37.0,0.0,0.0,0.0
30921,1/2/2023,48.0,51.0,45.0,0.0,0.0,0.0
30922,1/3/2023,54.0,62.0,49.0,0.61,0.0,0.0
30923,1/4/2023,57.0,59.0,37.0,0.94,0.0,0.0
30924,1/5/2023,42.0,47.0,36.0,0.05,0.0,0.0
30925,1/6/2023,36.0,38.0,33.0,0.02,0.3,0.0
30926,1/7/2023,33.0,35.0,31.0,0.06,0.3,0.0
30927,1/8/2023,32.0,37.0,29.0,0.0,0.0,0.0
30928,1/9/2023,32.0,36.0,30.0,0.0,0.0,0.0
30929,1/10/2023,34.0,44.0,30.0,0.0,0.0,0.0
30930,1/11/2023,40.0,50.0,32.0,0.03,0.0,0.0
30931,1/12/2023,45.0,48.0,35.0,1.03,0.0,0.0
30932,1/13/2023,33.0,36.0,29.0,0.34,2.1,0.0
30933,1/14/2023,28.0,29.0,21.0,0.0,0.0,1.2
30934,1/15/2023,24.0,36.0,16.0,0.0,0.0,1.2
30935,1/16/2023,32.0,46.0,22.0,0.22,0.0,0.0
30936,1/17/2023,45.0,56.0,38.0,0.01,0.0,0.0
30937,1/18/2023,40.0,42.0,38.0,0.01,0.0,0.0
30938,1/19/2023,45.0,58.0,38.0,1.02,0.0,0.0
30939,1/20/2023,38.0,40.0,34.0,0.05,0.2,0.0
30940,1/21/2023,34.0,35.0,32.0,0.0,0.0,0.0
30941,1/22/2023,33.0,33.0,31.0,0.34,4.4,0.0
30942,1/23/2023,32.0,33.0,29.0,0.06,0.8,3.9
30943,1/24/2023,31.0,36.0,28.0,0.0,0.0,3.1
30944,1/25/2023,35.0,43.0,33.0,0.38,0.6,2.0
30945,1/26/2023,34.0,34.0,27.0,0.13,1.2,0.0
30946,1/27/2023,28.0,37.0,25.0,0.03,0.6,2.0
30947,1/28/2023,35.0,40.0,29.0,0.0,0.0,0.0
30948,1/29/2023,39.0,46.0,30.0,0.11,0.0,0.0
30949,1/30/2023,30.0,32.0,25.0,0.1,0.5,0.0
30950,1/31/2023,21.0,25.0,16.0,0.0,0.0,1.2
30951,2/1/2023,19.0,28.0,14.0,0.0,0.0,0.0
30952,2/2/2023,27.0,39.0,21.0,0.0,0.0,0.0
30953,2/3/2023,20.0,24.0,12.0,0.0,0.0,0.0
30954,2/4/2023,19.0,37.0,12.0,0.0,0.0,0.0
30955,2/5/2023,42.0,48.0,37.0,0.0,0.0,0.0
30956,2/6/2023,36.0,40.0,32.0,0.0,0.0,0.0
30957,2/7/2023,41.0,57.0,31.0,0.0,0.0,0.0
30958,2/8/2023,40.0,47.0,35.0,0.0,0.0,0.0
30959,2/9/2023,50.0,68.0,41.0,0.56,0.0,0.0
30960,2/10/2023,42.0,42.0,30.0,0.0,0.0,0.0
30961,2/11/2023,33.0,41.0,27.0,0.0,0.0,0.0
30962,2/12/2023,36.0,52.0,25.0,0.0,0.0,0.0
30963,2/13/2023,41.0,54.0,32.0,0.0,0.0,0.0
30964,2/14/2023,40.0,54.0,27.0,0.0,0.0,0.0
30965,2/15/2023,58.0,68.0,45.0,0.0,0.0,0.0
30966,2/16/2023,44.0,60.0,37.0,0.07,0.0,0.0
30967,2/17/2023,34.0,60.0,22.0,0.01,0.1,0.0
30968,2/18/2023,29.0,46.0,22.0,0.0,0.0,0.0
30969,2/19/2023,44.0,57.0,37.0,0.0,0.0,0.0
30970,2/20/2023,44.0,48.0,35.0,0.0,0.0,0.0
30971,2/21/2023,40.0,49.0,31.0,0.0,0.0,0.0
30972,2/22/2023,34.0,37.0,32.0,1.36,0.0,0.0
30973,2/23/2023,44.0,67.0,33.0,0.01,0.0,0.0
30974,2/24/2023,34.0,37.0,24.0,0.0,0.0,0.0
30975,2/25/2023,29.0,42.0,23.0,0.07,1.1,1.2
30976,2/26/2023,36.0,49.0,29.0,0.0,0.0,0.0
30977,2/27/2023,38.0,51.0,28.0,0.72,0.0,0.0
30978,2/28/2023,42.0,47.0,34.0,0.04,0.0,0.0
30979,3/1/2023,43.0,62.0,33.0,0.01,0.0,0.0
30980,3/2/2023,41.0,46.0,35.0,0.0,0.0,0.0
30981,3/3/2023,38.0,49.0,35.0,1.13,0.0,0.0
30982,3/4/2023,41.0,50.0,35.0,0.0,0.0,0.0
30983,3/5/2023,43.0,49.0,37.0,0.0,0.0,0.0
30984,3/6/2023,42.0,56.0,36.0,0.17,0.0,0.0
30985,3/7/2023,37.0,39.0,32.0,0.06,0.2,0.0
30986,3/8/2023,35.0,39.0,31.0,0.0,0.0,0.0
30987,3/9/2023,34.0,40.0,26.0,0.0,0.0,0.0
30988,3/10/2023,35.0,37.0,32.0,0.19,0.2,0.0
30989,3/11/2023,32.0,34.0,30.0,0.0,0.0,0.0
30990,3/12/2023,32.0,37.0,30.0,0.0,0.0,0.0
30991,3/13/2023,33.0,36.0,28.0,0.26,3.2,0.0
30992,3/14/2023,27.0,30.0,20.0,0.0,0.1,2.0
30993,3/15/2023,30.0,44.0,18.0,0.0,0.0,1.2
30994,3/16/2023,44.0,58.0,35.0,0.02,0.0,0.0
30995,3/17/2023,49.0,55.0,34.0,0.12,0.0,0.0
30996,3/18/2023,31.0,34.0,21.0,0.0,0.2,0.0
30997,3/19/2023,26.0,36.0,21.0,0.01,0.1,0.0
30998,3/20/2023,36.0,50.0,27.0,0.0,0.0,0.0
30999,3/21/2023,46.0,58.0,36.0,0.0,0.0,0.0
31000,3/22/2023,49.0,53.0,44.0,0.1,0.0,0.0
31001,3/23/2023,50.0,58.0,38.0,0.59,0.0,0.0
31002,3/24/2023,38.0,41.0,36.0,0.0,0.0,0.0
31003,3/25/2023,47.0,61.0,39.0,0.4,0.0,0.0
31004,3/26/2023,44.0,58.0,35.0,0.0,0.0,0.0
31005,3/27/2023,45.0,52.0,37.0,0.18,0.0,0.0
31006,3/28/2023,40.0,46.0,33.0,0.0,0.0,0.0
31007,3/29/2023,40.0,51.0,31.0,0.12,0.0,0.0
31008,3/30/2023,35.0,49.0,24.0,0.0,0.0,0.0
31009,3/31/2023,47.0,59.0,42.0,0.2,0.0,0.0
31010,4/1/2023,53.0,63.0,35.0,0.16,0.0,0.0
31011,4/2/2023,38.0,45.0,31.0,0.0,0.0,0.0
31012,4/3/2023,50.0,68.0,40.0,0.0,0.0,0.0
31013,4/4/2023,56.0,71.0,47.0,0.0,0.0,0.0
31014,4/5/2023,67.0,79.0,60.0,0.34,0.0,0.0
31015,4/6/2023,53.0,62.0,41.0,0.0,0.0,0.0
31016,4/7/2023,41.0,43.0,34.0,0.0,0.0,0.0
31017,4/8/2023,40.0,54.0,31.0,0.0,0.0,0.0
31018,4/9/2023,44.0,58.0,30.0,0.0,0.0,0.0
31019,4/10/2023,49.0,64.0,32.0,0.0,0.0,0.0
31020,4/11/2023,58.0,74.0,40.0,0.0,0.0,0.0
31021,4/12/2023,68.0,80.0,58.0,0.0,0.0,0.0
31022,4/13/2023,71.0,82.0,58.0,0.0,0.0,0.0
31023,4/14/2023,67.0,82.0,50.0,0.0,0.0,0.0
31024,4/15/2023,69.0,80.0,58.0,0.0,0.0,0.0
31025,4/16/2023,67.0,79.0,46.0,0.49,0.0,0.0
31026,4/17/2023,44.0,46.0,37.0,0.04,0.0,0.0
31027,4/18/2023,40.0,50.0,35.0,0.0,0.0,0.0
31028,4/19/2023,44.0,56.0,31.0,0.0,0.0,0.0
31029,4/20/2023,60.0,83.0,45.0,0.0,0.0,0.0
31030,4/21/2023,66.0,73.0,47.0,0.46,0.0,0.0
31031,4/22/2023,49.0,58.0,42.0,0.55,0.0,0.0
31032,4/23/2023,43.0,48.0,36.0,0.0,0.0,0.0
31033,4/24/2023,41.0,48.0,35.0,0.08,0.0,0.0
31034,4/25/2023,42.0,52.0,32.0,0.0,0.0,0.0
31035,4/26/2023,45.0,51.0,38.0,0.0,0.0,0.0
31036,4/27/2023,46.0,60.0,32.0,0.0,0.0,0.0
31037,4/28/2023,54.0,59.0,46.0,0.06,0.0,0.0
31038,4/29/2023,56.0,63.0,52.0,0.0,0.0,0.0
31039,4/30/2023,52.0,55.0,43.0,0.27,0.0,0.0
31040,5/1/2023,44.0,47.0,38.0,0.32,0.0,0.0
31041,5/2/2023,40.0,45.0,37.0,0.82,0.0,0.0
31042,5/3/2023,43.0,53.0,38.0,0.19,0.0,0.0
31043,5/4/2023,52.0,61.0,44.0,0.0,0.0,0.0
31044,5/5/2023,53.0,67.0,40.0,0.0,0.0,0.0
31045,5/6/2023,59.0,72.0,42.0,0.0,0.0,0.0
31046,5/7/2023,66.0,76.0,59.0,0.0,0.0,0.0
31047,5/8/2023,59.0,64.0,51.0,0.0,0.0,0.0
31048,5/9/2023,57.0,64.0,44.0,0.0,0.0,0.0
31049,5/10/2023,56.0,69.0,39.0,0.0,0.0,0.0
31050,5/11/2023,63.0,78.0,45.0,0.0,0.0,0.0
31051,5/12/2023,68.0,83.0,50.0,0.0,0.0,0.0
31052,5/13/2023,68.0,73.0,60.0,0.02,0.0,0.0
31053,5/14/2023,60.0,64.0,53.0,0.0,0.0,0.0
31054,5/15/2023,58.0,67.0,46.0,0.0,0.0,0.0
31055,5/16/2023,59.0,76.0,42.0,0.0,0.0,0.0
31056,5/17/2023,54.0,55.0,44.0,0.0,0.0,0.0
31057,5/18/2023,51.0,63.0,35.0,0.0,0.0,0.0
31058,5/19/2023,64.0,81.0,48.0,0.63,0.0,0.0
31059,5/20/2023,61.0,63.0,52.0,0.57,0.0,0.0
31060,5/21/2023,61.0,74.0,48.0,0.0,0.0,0.0
31061,5/22/2023,62.0,76.0,48.0,0.0,0.0,0.0
31062,5/23/2023,66.0,79.0,51.0,0.0,0.0,0.0
31063,5/24/2023,65.0,75.0,53.0,0.0,0.0,0.0
31064,5/25/2023,54.0,58.0,49.0,0.0,0.0,0.0
31065,5/26/2023,56.0,66.0,46.0,0.0,0.0,0.0
31066,5/27/2023,60.0,74.0,47.0,0.0,0.0,0.0
31067,5/28/2023,65.0,77.0,49.0,0.0,0.0,0.0
31068,5/29/2023,68.0,80.0,54.0,0.0,0.0,0.0
31069,5/30/2023,73.0,87.0,59.0,0.0,0.0,0.0
31070,5/31/2023,74.0,84.0,63.0,0.0,0.0,0.0
31071,6/1/2023,72.0,86.0,56.0,0.0,0.0,0.0
31072,6/2/2023,72.0,84.0,57.0,0.0,0.0,0.0
31073,6/3/2023,73.0,81.0,60.0,0.0,0.0,0.0
31074,6/4/2023,64.0,73.0,55.0,0.0,0.0,0.0
31075,6/5/2023,62.0,71.0,51.0,0.0,0.0,0.0
31076,6/6/2023,64.0,77.0,53.0,0.0,0.0,0.0
31077,6/7/2023,61.0,72.0,47.0,0.0,0.0,0.0
31078,6/8/2023,60.0,70.0,46.0,0.0,0.0,0.0
31079,6/9/2023,65.0,74.0,57.0,0.0,0.0,0.0
31080,6/10/2023,67.0,82.0,53.0,0.0,0.0,0.0
31081,6/11/2023,71.0,84.0,63.0,1.78,0.0,0.0
31082,6/12/2023,62.0,67.0,53.0,0.3,0.0,0.0
31083,6/13/2023,57.0,70.0,49.0,0.4,0.0,0.0
31084,6/14/2023,61.0,69.0,54.0,0.42,0.0,0.0
31085,6/15/2023,63.0,75.0,51.0,0.22,0.0,0.0
31086,6/16/2023,64.0,68.0,59.0,0.0,0.0,0.0
31087,6/17/2023,66.0,76.0,54.0,0.0,0.0,0.0
31088,6/18/2023,68.0,79.0,52.0,0.0,0.0,0.0
31089,6/19/2023,70.0,82.0,57.0,0.0,0.0,0.0
31090,6/20/2023,74.0,83.0,65.0,0.01,0.0,0.0
31091,6/21/2023,76.0,82.0,69.0,0.0,0.0,0.0
31092,6/22/2023,70.0,76.0,63.0,0.0,0.0,0.0
31093,6/23/2023,68.0,73.0,64.0,0.01,0.0,0.0
31094,6/24/2023,70.0,80.0,66.0,0.06,0.0,0.0
31095,6/25/2023,76.0,87.0,63.0,0.0,0.0,0.0
31096,6/26/2023,72.0,77.0,65.0,0.62,0.0,0.0
31097,6/27/2023,67.0,69.0,64.0,0.17,0.0,0.0
31098,6/28/2023,67.0,73.0,57.0,0.0,0.0,0.0
31099,6/29/2023,69.0,84.0,53.0,0.0,0.0,0.0
31100,6/30/2023,76.0,85.0,66.0,0.0,0.0,0.0
31101,7/1/2023,77.0,82.0,71.0,0.18,0.0,0.0
31102,7/2/2023,75.0,82.0,69.0,0.11,0.0,0.0
31103,7/3/2023,73.0,82.0,67.0,0.75,0.0,0.0
31104,7/4/2023,76.0,86.0,67.0,0.0,0.0,0.0
31105,7/5/2023,79.0,90.0,66.0,0.0,0.0,0.0
31106,7/6/2023,78.0,88.0,71.0,0.27,0.0,0.0
31107,7/7/2023,73.0,77.0,67.0,0.27,0.0,0.0
31108,7/8/2023,71.0,79.0,64.0,0.17,0.0,0.0
31109,7/9/2023,71.0,76.0,61.0,0.0,0.0,0.0
31110,7/10/2023,71.0,84.0,58.0,0.0,0.0,0.0
31111,7/11/2023,74.0,86.0,64.0,0.01,0.0,0.0
31112,7/12/2023,74.0,80.0,69.0,0.75,0.0,0.0
31113,7/13/2023,72.0,75.0,63.0,0.0,0.0,0.0
31114,7/14/2023,72.0,85.0,60.0,0.0,0.0,0.0
31115,7/15/2023,76.0,81.0,69.0,0.4,0.0,0.0
31116,7/16/2023,72.0,82.0,66.0,0.0,0.0,0.0
31117,7/17/2023,74.0,82.0,66.0,0.0,0.0,0.0
31118,7/18/2023,72.0,79.0,64.0,0.0,0.0,0.0
31119,7/19/2023,72.0,81.0,58.0,0.0,0.0,0.0
31120,7/20/2023,74.0,87.0,64.0,1.91,0.0,0.0
31121,7/21/2023,70.0,77.0,63.0,0.0,0.0,0.0
31122,7/22/2023,70.0,82.0,58.0,0.0,0.0,0.0
31123,7/23/2023,72.0,84.0,60.0,0.11,0.0,0.0
31124,7/24/2023,72.0,84.0,63.0,0.0,0.0,0.0
31125,7/25/2023,75.0,83.0,66.0,0.0,0.0,0.0
31126,7/26/2023,76.0,89.0,65.0,0.87,0.0,0.0
31127,7/27/2023,76.0,82.0,69.0,0.0,0.0,0.0
31128,7/28/2023,77.0,86.0,68.0,0.14,0.0,0.0
31129,7/29/2023,76.0,80.0,68.0,0.81,0.0,0.0
31130,7/30/2023,71.0,79.0,61.0,0.0,0.0,0.0
31131,7/31/2023,70.0,77.0,58.0,0.0,0.0,0.0
31132,8/1/2023,69.0,78.0,60.0,0.0,0.0,0.0
31133,8/2/2023,71.0,82.0,61.0,0.0,0.0,0.0
31134,8/3/2023,73.0,84.0,61.0,0.0,0.0,0.0
31135,8/4/2023,74.0,81.0,66.0,0.0,0.0,0.0
31136,8/5/2023,72.0,79.0,61.0,0.0,0.0,0.0
31137,8/6/2023,76.0,86.0,69.0,0.29,0.0,0.0
31138,8/7/2023,70.0,73.0,67.0,0.58,0.0,0.0
31139,8/8/2023,71.0,81.0,61.0,0.0,0.0,0.0
31140,8/9/2023,73.0,83.0,64.0,0.03,0.0,0.0
31141,8/10/2023,74.0,82.0,66.0,0.43,0.0,0.0
31142,8/11/2023,71.0,83.0,61.0,0.94,0.0,0.0
31143,8/12/2023,74.0,86.0,68.0,0.48,0.0,0.0
31144,8/13/2023,73.0,84.0,63.0,0.0,0.0,0.0
31145,8/14/2023,73.0,77.0,69.0,0.04,0.0,0.0
31146,8/15/2023,70.0,76.0,65.0,0.19,0.0,0.0
31147,8/16/2023,71.0,79.0,64.0,0.0,0.0,0.0
31148,8/17/2023,71.0,80.0,63.0,0.04,0.0,0.0
31149,8/18/2023,67.0,73.0,58.0,0.04,0.0,0.0
31150,8/19/2023,65.0,78.0,55.0,0.0,0.0,0.0
31151,8/20/2023,73.0,86.0,63.0,0.0,0.0,0.0
31152,8/21/2023,76.0,81.0,67.0,0.0,0.0,0.0
31153,8/22/2023,70.0,76.0,64.0,0.0,0.0,0.0
31154,8/23/2023,69.0,77.0,62.0,2.75,0.0,0.0
31155,8/24/2023,74.0,86.0,69.0,0.48,0.0,0.0
31156,8/25/2023,73.0,75.0,66.0,0.07,0.0,0.0
31157,8/26/2023,70.0,79.0,62.0,0.0,0.0,0.0
31158,8/27/2023,69.0,74.0,61.0,0.0,0.0,0.0
31159,8/28/2023,64.0,73.0,52.0,0.0,0.0,0.0
31160,8/29/2023,65.0,78.0,52.0,0.0,0.0,0.0
31161,8/30/2023,65.0,67.0,61.0,0.01,0.0,0.0
31162,8/31/2023,64.0,71.0,56.0,0.0,0.0,0.0
31163,9/1/2023,66.0,79.0,54.0,0.0,0.0,0.0
31164,9/2/2023,70.0,84.0,56.0,0.0,0.0,0.0
31165,9/3/2023,77.0,87.0,68.0,0.0,0.0,0.0
31166,9/4/2023,79.0,88.0,72.0,0.0,0.0,0.0
31167,9/5/2023,80.0,91.0,70.0,0.0,0.0,0.0
31168,9/6/2023,78.0,88.0,72.0,0.1,0.0,0.0
31169,9/7/2023,75.0,81.0,67.0,0.23,0.0,0.0
31170,9/8/2023,68.0,70.0,66.0,0.0,0.0,0.0
31171,9/9/2023,66.0,70.0,64.0,0.0,0.0,0.0
31172,9/10/2023,66.0,69.0,59.0,0.02,0.0,0.0
31173,9/11/2023,66.0,75.0,59.0,0.0,0.0,0.0
31174,9/12/2023,67.0,70.0,59.0,0.01,0.0,0.0
31175,9/13/2023,63.0,68.0,53.0,0.0,0.0,0.0
31176,9/14/2023,60.0,70.0,49.0,0.0,0.0,0.0
31177,9/15/2023,60.0,72.0,45.0,0.0,0.0,0.0
31178,9/16/2023,60.0,74.0,46.0,0.0,0.0,0.0
31179,9/17/2023,64.0,73.0,57.0,0.04,0.0,0.0
31180,9/18/2023,65.0,70.0,58.0,0.05,0.0,0.0
31181,9/19/2023,63.0,71.0,56.0,0.0,0.0,0.0
31182,9/20/2023,67.0,79.0,57.0,0.0,0.0,0.0
31183,9/21/2023,68.0,81.0,56.0,0.0,0.0,0.0
31184,9/22/2023,68.0,79.0,58.0,0.0,0.0,0.0
31185,9/23/2023,65.0,73.0,56.0,0.0,0.0,0.0
31186,9/24/2023,65.0,69.0,61.0,0.0,0.0,0.0
31187,9/25/2023,65.0,71.0,59.0,0.0,0.0,0.0
31188,9/26/2023,66.0,71.0,60.0,0.0,0.0,0.0
31189,9/27/2023,63.0,69.0,59.0,0.01,0.0,0.0
31190,9/28/2023,62.0,66.0,58.0,0.3,0.0,0.0
31191,9/29/2023,65.0,74.0,58.0,0.01,0.0,0.0
31192,9/30/2023,64.0,74.0,53.0,0.0,0.0,0.0
31193,10/1/2023,64.0,78.0,52.0,0.0,0.0,0.0
31194,10/2/2023,68.0,82.0,56.0,0.0,0.0,0.0
31195,10/3/2023,71.0,84.0,60.0,0.0,0.0,0.0
31196,10/4/2023,72.0,84.0,62.0,0.0,0.0,0.0
31197,10/5/2023,71.0,79.0,64.0,0.64,0.0,0.0
31198,10/6/2023,65.0,72.0,53.0,0.06,0.0,0.0
31199,10/7/2023,51.0,58.0,44.0,0.22,0.0,0.0
31200,10/8/2023,49.0,56.0,42.0,0.0,0.0,0.0
31201,10/9/2023,49.0,58.0,42.0,0.0,0.0,0.0
31202,10/10/2023,50.0,58.0,43.0,0.0,0.0,0.0
31203,10/11/2023,55.0,65.0,45.0,0.0,0.0,0.0
31204,10/12/2023,55.0,61.0,48.0,0.0,0.0,0.0
31205,10/13/2023,56.0,64.0,50.0,0.02,0.0,0.0
31206,10/14/2023,52.0,54.0,50.0,1.18,0.0,0.0
31207,10/15/2023,52.0,56.0,48.0,0.38,0.0,0.0
31208,10/16/2023,51.0,57.0,48.0,0.21,0.0,0.0
31209,10/17/2023,50.0,53.0,48.0,0.06,0.0,0.0
31210,10/18/2023,53.0,62.0,44.0,0.0,0.0,0.0
31211,10/19/2023,55.0,65.0,48.0,0.29,0.0,0.0
31212,10/20/2023,56.0,61.0,53.0,0.62,0.0,0.0
31213,10/21/2023,52.0,55.0,48.0,0.07,0.0,0.0
31214,10/22/2023,49.0,53.0,36.0,0.0,0.0,0.0
31215,10/23/2023,44.0,59.0,33.0,0.0,0.0,0.0
31216,10/24/2023,60.0,77.0,52.0,0.0,0.0,0.0
31217,10/25/2023,68.0,73.0,64.0,0.0,0.0,0.0
31218,10/26/2023,68.0,75.0,64.0,0.0,0.0,0.0
31219,10/27/2023,69.0,78.0,65.0,0.0,0.0,0.0
31220,10/28/2023,61.0,67.0,53.0,0.14,0.0,0.0
31221,10/29/2023,52.0,55.0,49.0,0.54,0.0,0.0
31222,10/30/2023,48.0,51.0,40.0,0.4,0.0,0.0
31223,10/31/2023,39.0,45.0,30.0,0.08,1.5,0.0
31224,11/1/2023,36.0,42.0,31.0,0.18,1.2,2.0
31225,11/2/2023,39.0,50.0,32.0,0.0,0.0,0.0
31226,11/3/2023,49.0,62.0,41.0,0.0,0.0,0.0
31227,11/4/2023,54.0,56.0,41.0,0.0,0.0,0.0
31228,11/5/2023,48.0,57.0,37.0,0.0,0.0,0.0
31229,11/6/2023,51.0,66.0,42.0,0.03,0.0,0.0
31230,11/7/2023,58.0,62.0,46.0,0.0,0.0,0.0
31231,11/8/2023,48.0,60.0,41.0,0.0,0.0,0.0
31232,11/9/2023,54.0,68.0,46.0,0.0,0.0,0.0
31233,11/10/2023,49.0,58.0,39.0,0.0,0.0,0.0
31234,11/11/2023,45.0,49.0,34.0,0.0,0.0,0.0
31235,11/12/2023,42.0,53.0,33.0,0.0,0.0,0.0
31236,11/13/2023,45.0,59.0,32.0,0.0,0.0,0.0
31237,11/14/2023,46.0,56.0,31.0,0.0,0.0,0.0
31238,11/15/2023,47.0,63.0,34.0,0.0,0.0,0.0
31239,11/16/2023,53.0,66.0,37.0,0.0,0.0,0.0
31240,11/17/2023,56.0,61.0,42.0,0.7,0.0,0.0
31241,11/18/2023,43.0,49.0,35.0,0.0,0.0,0.0
31242,11/19/2023,42.0,52.0,33.0,0.0,0.0,0.0
31243,11/20/2023,39.0,44.0,34.0,0.0,0.0,0.0
31244,11/21/2023,44.0,50.0,41.0,0.56,0.0,0.0
31245,11/22/2023,44.0,45.0,38.0,0.04,0.0,0.0
31246,11/23/2023,41.0,50.0,38.0,0.0,0.0,0.0
31247,11/24/2023,38.0,43.0,32.0,0.0,0.0,0.0
31248,11/25/2023,35.0,42.0,28.0,0.0,0.0,0.0
31249,11/26/2023,35.0,44.0,26.0,0.3,0.0,0.0
31250,11/27/2023,34.0,37.0,27.0,0.0,0.0,0.0
31251,11/28/2023,25.0,26.0,19.0,0.13,1.9,0.0
31252,11/29/2023,24.0,37.0,17.0,0.0,0.0,0.0
31253,11/30/2023,40.0,54.0,33.0,0.0,0.0,0.0
31254,12/1/2023,48.0,51.0,44.0,0.28,0.0,0.0
31255,12/2/2023,49.0,52.0,45.0,0.07,0.0,0.0
31256,12/3/2023,46.0,51.0,41.0,0.2,0.0,0.0
31257,12/4/2023,40.0,42.0,37.0,0.02,0.0,0.0
31258,12/5/2023,37.0,39.0,35.0,0.13,0.0,0.0
31259,12/6/2023,36.0,40.0,33.0,0.0,0.0,0.0
31260,12/7/2023,39.0,48.0,34.0,0.0,0.0,0.0
31261,12/8/2023,48.0,58.0,39.0,0.0,0.0,0.0
31262,12/9/2023,56.0,58.0,50.0,0.52,0.0,0.0
31263,12/10/2023,44.0,51.0,34.0,0.07,0.0,0.0
31264,12/11/2023,35.0,37.0,31.0,0.04,0.1,0.0
31265,12/12/2023,36.0,47.0,30.0,0.0,0.0,0.0
31266,12/13/2023,33.0,40.0,25.0,0.0,0.0,0.0
31267,12/14/2023,35.0,47.0,26.0,0.0,0.0,0.0
31268,12/15/2023,43.0,56.0,34.0,0.0,0.0,0.0
31269,12/16/2023,43.0,55.0,30.0,0.0,0.0,0.0
31270,12/17/2023,47.0,50.0,40.0,0.3,0.0,0.0
31271,12/18/2023,39.0,42.0,31.0,0.44,1.6,0.0
31272,12/19/2023,31.0,33.0,27.0,0.07,0.5,2.0
31273,12/20/2023,31.0,39.0,25.0,0.0,0.0,1.2
31274,12/21/2023,38.0,44.0,35.0,0.0,0.0,1.2
31275,12/22/2023,41.0,46.0,38.0,0.0,0.0,0.0
31276,12/23/2023,43.0,46.0,41.0,0.1,0.0,0.0
31277,12/24/2023,47.0,53.0,46.0,0.0,0.0,0.0
31278,12/25/2023,53.0,63.0,46.0,0.0,0.0,0.0
31279,12/26/2023,55.0,60.0,52.0,0.03,0.0,0.0
31280,12/27/2023,50.0,54.0,45.0,0.72,0.0,0.0
31281,12/28/2023,46.0,50.0,40.0,0.04,0.0,0.0
31282,12/29/2023,38.0,41.0,31.0,0.03,0.0,0.0
31283,12/30/2023,37.0,38.0,36.0,0.08,0.0,0.0
31284,12/31/2023,37.0,39.0,35.0,0.19,0.0,0.0
31285,1/1/2024,35.0,37.0,32.0,0.16,0.0,0.0
31286,1/2/2024,33.0,36.0,31.0,0.0,0.0,0.0
31287,1/3/2024,33.0,35.0,32.0,0.05,0.4,0.0
31288,1/4/2024,31.0,34.0,25.0,0.03,0.5,1.2
31289,1/5/2024,27.0,34.0,23.0,0.0,0.0,0.0
31290,1/6/2024,31.0,38.0,27.0,0.0,0.0,0.0
31291,1/7/2024,34.0,36.0,33.0,0.08,0.0,0.0
31292,1/8/2024,35.0,38.0,30.0,0.0,0.0,0.0
31293,1/9/2024,39.0,49.0,34.0,0.53,0.1,0.0
31294,1/10/2024,39.0,42.0,34.0,0.01,0.0,0.0
31295,1/11/2024,35.0,38.0,34.0,0.01,0.1,0.0
31296,1/12/2024,35.0,47.0,29.0,0.32,0.0,0.0
31297,1/13/2024,34.0,47.0,23.0,0.1,0.0,0.0
31298,1/14/2024,16.0,23.0,5.0,0.0,0.2,0.0
31299,1/15/2024,8.0,16.0,3.0,0.0,0.0,0.0
31300,1/16/2024,13.0,16.0,7.0,0.09,0.9,1.2
31301,1/17/2024,11.0,22.0,4.0,0.0,0.0,0.0
31302,1/18/2024,23.0,26.0,21.0,0.02,0.2,0.0
31303,1/19/2024,24.0,26.0,17.0,0.46,6.9,3.1
31304,1/20/2024,16.0,19.0,10.0,0.01,0.2,7.1
31305,1/21/2024,20.0,24.0,13.0,0.0,0.0,5.1
31306,1/22/2024,22.0,39.0,13.0,0.0,0.0,3.9
31307,1/23/2024,36.0,41.0,34.0,0.22,0.0,3.1
31308,1/24/2024,44.0,53.0,40.0,0.28,0.0,0.0
31309,1/25/2024,48.0,51.0,41.0,0.09,0.0,0.0
31310,1/26/2024,42.0,49.0,37.0,0.35,0.0,0.0
31311,1/27/2024,39.0,43.0,36.0,0.13,0.0,0.0
31312,1/28/2024,36.0,38.0,34.0,0.69,0.0,0.0
31313,1/29/2024,34.0,34.0,32.0,0.03,0.2,0.0
31314,1/30/2024,35.0,40.0,33.0,0.0,0.0,0.0
31315,1/31/2024,37.0,39.0,35.0,0.0,0.0,0.0
31316,2/1/2024,42.0,54.0,38.0,0.01,0.0,0.0
31317,2/2/2024,37.0,39.0,32.0,0.0,0.0,0.0
31318,2/3/2024,34.0,41.0,28.0,0.0,0.0,0.0
31319,2/4/2024,33.0,42.0,24.0,0.0,0.0,0.0
31320,2/5/2024,33.0,39.0,32.0,0.0,0.0,0.0
31321,2/6/2024,35.0,43.0,27.0,0.0,0.0,0.0
31322,2/7/2024,36.0,54.0,26.0,0.0,0.0,0.0
31323,2/8/2024,47.0,63.0,33.0,0.0,0.0,0.0
31324,2/9/2024,57.0,65.0,51.0,0.0,0.0,0.0
31325,2/10/2024,52.0,55.0,38.0,0.0,0.0,0.0
31326,2/11/2024,37.0,38.0,28.0,0.0,0.0,0.0
31327,2/12/2024,32.0,41.0,24.0,0.0,0.0,0.0
31328,2/13/2024,34.0,41.0,28.0,0.0,0.1,0.0
31329,2/14/2024,32.0,36.0,24.0,0.0,0.0,0.0
31330,2/15/2024,33.0,45.0,23.0,0.02,0.0,0.0
31331,2/16/2024,32.0,34.0,25.0,0.11,1.0,0.0
31332,2/17/2024,25.0,28.0,16.0,0.1,2.2,2.0
31333,2/18/2024,22.0,33.0,16.0,0.0,0.0,1.2
31334,2/19/2024,30.0,42.0,18.0,0.0,0.0,0.0
31335,2/20/2024,35.0,51.0,22.0,0.0,0.0,0.0
31336,2/21/2024,43.0,61.0,30.0,0.0,0.0,0.0
31337,2/22/2024,50.0,55.0,43.0,0.56,0.0,0.0
31338,2/23/2024,44.0,52.0,30.0,0.0,0.0,0.0
31339,2/24/2024,28.0,30.0,20.0,0.0,0.0,0.0
31340,2/25/2024,31.0,49.0,21.0,0.0,0.0,0.0
31341,2/26/2024,49.0,63.0,37.0,0.0,0.0,0.0
31342,2/27/2024,60.0,71.0,51.0,0.0,0.0,0.0
31343,2/28/2024,54.0,65.0,26.0,0.11,0.0,0.0
31344,2/29/2024,29.0,38.0,23.0,0.0,0.2,0.0
31345,3/1/2024,37.0,51.0,27.0,0.02,0.0,0.0
31346,3/2/2024,45.0,48.0,42.0,0.09,0.0,0.0
31347,3/3/2024,50.0,60.0,45.0,0.0,0.0,0.0
31348,3/4/2024,59.0,74.0,48.0,0.0,0.0,0.0
31349,3/5/2024,61.0,75.0,41.0,0.44,0.0,0.0
31350,3/6/2024,42.0,43.0,40.0,0.32,0.0,0.0
31351,3/7/2024,42.0,48.0,38.0,0.0,0.0,0.0
31352,3/8/2024,52.0,65.0,47.0,0.07,0.0,0.0
31353,3/9/2024,53.0,58.0,38.0,0.23,0.0,0.0
31354,3/10/2024,36.0,38.0,31.0,0.14,1.1,1.2
31355,3/11/2024,40.0,52.0,30.0,0.0,0.0,0.0
31356,3/12/2024,54.0,68.0,46.0,0.0,0.0,0.0
31357,3/13/2024,59.0,72.0,49.0,0.0,0.0,0.0
31358,3/14/2024,55.0,65.0,45.0,0.21,0.0,0.0
31359,3/15/2024,48.0,57.0,34.0,0.01,0.0,0.0
31360,3/16/2024,46.0,61.0,35.0,0.12,0.0,0.0
31361,3/17/2024,43.0,47.0,33.0,0.07,0.5,0.0
31362,3/18/2024,32.0,34.0,29.0,0.2,2.2,0.0
31363,3/19/2024,34.0,46.0,30.0,0.0,0.0,2.0
31364,3/20/2024,39.0,41.0,28.0,0.04,0.0,0.0
31365,3/21/2024,29.0,34.0,25.0,0.0,0.0,0.0
31366,3/22/2024,32.0,43.0,26.0,0.06,0.0,0.0
31367,3/23/2024,33.0,37.0,27.0,0.19,1.9,2.0
31368,3/24/2024,32.0,42.0,23.0,0.0,0.0,0.0
31369,3/25/2024,48.0,68.0,34.0,0.0,0.0,0.0
31370,3/26/2024,54.0,58.0,45.0,0.36,0.0,0.0
31371,3/27/2024,44.0,47.0,33.0,0.08,0.0,0.0
31372,3/28/2024,39.0,50.0,27.0,0.0,0.0,0.0
31373,3/29/2024,41.0,50.0,31.0,0.0,0.0,0.0
31374,3/30/2024,44.0,56.0,34.0,0.21,0.0,0.0
31375,3/31/2024,42.0,47.0,39.0,0.01,0.0,0.0
31376,4/1/2024,43.0,47.0,40.0,0.99,0.0,0.0
31377,4/2/2024,48.0,65.0,43.0,0.72,0.0,0.0
31378,4/3/2024,51.0,62.0,39.0,0.09,0.0,0.0
31379,4/4/2024,41.0,47.0,36.0,0.0,0.0,0.0
31380,4/5/2024,41.0,44.0,36.0,0.03,0.0,0.0
31381,4/6/2024,44.0,53.0,40.0,0.0,0.0,0.0
31382,4/7/2024,44.0,57.0,29.0,0.0,0.0,0.0
31383,4/8/2024,58.0,72.0,49.0,0.05,0.0,0.0
31384,4/9/2024,63.0,76.0,52.0,0.22,0.0,0.0
31385,4/10/2024,59.0,61.0,53.0,0.2,0.0,0.0
31386,4/11/2024,60.0,66.0,50.0,0.93,0.0,0.0
31387,4/12/2024,52.0,52.0,46.0,0.47,0.0,0.0
31388,4/13/2024,51.0,61.0,44.0,0.0,0.0,0.0
31389,4/14/2024,63.0,80.0,47.0,0.0,0.0,0.0
31390,4/15/2024,60.0,66.0,49.0,0.0,0.0,0.0
31391,4/16/2024,59.0,72.0,46.0,0.0,0.0,0.0
31392,4/17/2024,67.0,77.0,55.0,0.31,0.0,0.0
31393,4/18/2024,59.0,64.0,54.0,0.0,0.0,0.0
31394,4/19/2024,58.0,64.0,50.0,0.08,0.0,0.0
31395,4/20/2024,48.0,50.0,44.0,0.0,0.0,0.0
31396,4/21/2024,43.0,50.0,37.0,0.0,0.0,0.0
31397,4/22/2024,47.0,62.0,33.0,0.0,0.0,0.0
31398,4/23/2024,55.0,66.0,48.0,0.13,0.0,0.0
31399,4/24/2024,47.0,51.0,37.0,0.0,0.0,0.0
31400,4/25/2024,42.0,51.0,30.0,0.0,0.0,0.0
31401,4/26/2024,51.0,70.0,35.0,0.0,0.0,0.0
31402,4/27/2024,69.0,80.0,61.0,0.01,0.0,0.0
31403,4/28/2024,73.0,81.0,68.0,0.0,0.0,0.0
31404,4/29/2024,74.0,84.0,62.0,0.0,0.0,0.0
31405,4/30/2024,65.0,73.0,53.0,0.05,0.0,0.0
31406,5/1/2024,65.0,81.0,48.0,0.0,0.0,0.0
31407,5/2/2024,65.0,71.0,50.0,0.0,0.0,0.0
31408,5/3/2024,66.0,72.0,56.0,0.03,0.0,0.0
31409,5/4/2024,65.0,74.0,59.0,0.04,0.0,0.0
31410,5/5/2024,67.0,76.0,58.0,0.0,0.0,0.0
31411,5/6/2024,60.0,65.0,54.0,0.0,0.0,0.0
31412,5/7/2024,64.0,77.0,52.0,0.0,0.0,0.0
31413,5/8/2024,72.0,80.0,56.0,0.0,0.0,0.0
31414,5/9/2024,57.0,58.0,52.0,0.44,0.0,0.0
31415,5/10/2024,56.0,64.0,46.0,0.0,0.0,0.0
31416,5/11/2024,53.0,63.0,44.0,0.51,0.0,0.0
31417,5/12/2024,56.0,67.0,49.0,0.0,0.0,0.0
31418,5/13/2024,67.0,81.0,55.0,0.0,0.0,0.0
31419,5/14/2024,68.0,73.0,59.0,0.0,0.0,0.0
31420,5/15/2024,65.0,71.0,58.0,0.0,0.0,0.0
31421,5/16/2024,63.0,72.0,54.0,0.0,0.0,0.0
31422,5/17/2024,66.0,72.0,61.0,0.17,0.0,0.0
31423,5/18/2024,66.0,74.0,57.0,0.0,0.0,0.0
31424,5/19/2024,69.0,85.0,53.0,0.0,0.0,0.0
31425,5/20/2024,77.0,89.0,66.0,0.0,0.0,0.0
31426,5/21/2024,80.0,90.0,70.0,0.0,0.0,0.0
31427,5/22/2024,79.0,84.0,65.0,0.39,0.0,0.0
31428,5/23/2024,71.0,80.0,57.0,0.0,0.0,0.0
31429,5/24/2024,70.0,81.0,57.0,0.0,0.0,0.0
31430,5/25/2024,74.0,83.0,65.0,0.0,0.0,0.0
31431,5/26/2024,72.0,84.0,59.0,0.22,0.0,0.0
31432,5/27/2024,69.0,79.0,62.0,0.13,0.0,0.0
31433,5/28/2024,65.0,72.0,58.0,0.07,0.0,0.0
31434,5/29/2024,62.0,68.0,46.0,0.03,0.0,0.0
31435,5/30/2024,57.0,67.0,43.0,0.0,0.0,0.0
31436,5/31/2024,59.0,73.0,41.0,0.0,0.0,0.0
31437,6/1/2024,65.0,81.0,49.0,0.0,0.0,0.0
31438,6/2/2024,68.0,72.0,64.0,0.08,0.0,0.0
31439,6/3/2024,69.0,79.0,61.0,0.0,0.0,0.0
31440,6/4/2024,75.0,88.0,63.0,0.0,0.0,0.0
31441,6/5/2024,76.0,86.0,70.0,0.69,0.0,0.0
31442,6/6/2024,73.0,80.0,67.0,0.0,0.0,0.0
31443,6/7/2024,69.0,74.0,56.0,0.0,0.0,0.0
31444,6/8/2024,66.0,79.0,52.0,0.0,0.0,0.0
31445,6/9/2024,67.0,77.0,57.0,0.05,0.0,0.0
31446,6/10/2024,59.0,61.0,50.0,0.01,0.0,0.0
31447,6/11/2024,58.0,69.0,44.0,0.0,0.0,0.0
31448,6/12/2024,67.0,83.0,54.0,0.0,0.0,0.0
31449,6/13/2024,77.0,89.0,68.0,0.0,0.0,0.0
31450,6/14/2024,76.0,81.0,62.0,0.0,0.0,0.0
31451,6/15/2024,67.0,75.0,53.0,0.0,0.0,0.0
31452,6/16/2024,71.0,89.0,54.0,0.0,0.0,0.0
31453,6/17/2024,80.0,96.0,72.0,0.0,0.0,0.0
31454,6/18/2024,82.0,94.0,72.0,0.78,0.0,0.0
31455,6/19/2024,83.0,92.0,75.0,0.0,0.0,0.0
31456,6/20/2024,83.0,94.0,73.0,0.0,0.0,0.0
31457,6/21/2024,83.0,90.0,72.0,0.0,0.0,0.0
31458,6/22/2024,84.0,95.0,73.0,0.0,0.0,0.0
31459,6/23/2024,80.0,83.0,70.0,0.33,0.0,0.0
31460,6/24/2024,74.0,80.0,63.0,0.0,0.0,0.0
31461,6/25/2024,71.0,82.0,61.0,0.04,0.0,0.0
31462,6/26/2024,75.0,82.0,65.0,0.31,0.0,0.0
31463,6/27/2024,68.0,73.0,61.0,0.0,0.0,0.0
31464,6/28/2024,69.0,84.0,57.0,0.0,0.0,0.0
31465,6/29/2024,79.0,85.0,74.0,0.16,0.0,0.0
31466,6/30/2024,73.0,78.0,60.0,0.0,0.0,0.0
31467,7/1/2024,65.0,72.0,59.0,0.0,0.0,0.0
31468,7/2/2024,70.0,86.0,53.0,0.0,0.0,0.0
31469,7/3/2024,80.0,91.0,71.0,0.17,0.0,0.0
31470,7/4/2024,78.0,85.0,72.0,0.19,0.0,0.0
31471,7/5/2024,75.0,84.0,70.0,0.07,0.0,0.0
31472,7/6/2024,75.0,83.0,67.0,0.0,0.0,0.0
31473,7/7/2024,74.0,83.0,63.0,0.0,0.0,0.0
31474,7/8/2024,78.0,89.0,63.0,0.0,0.0,0.0
31475,7/9/2024,80.0,86.0,72.0,0.01,0.0,0.0
31476,7/10/2024,77.0,82.0,67.0,0.39,0.0,0.0
31477,7/11/2024,72.0,81.0,67.0,0.0,0.0,0.0
31478,7/12/2024,75.0,85.0,64.0,0.0,0.0,0.0
31479,7/13/2024,78.0,88.0,68.0,0.0,0.0,0.0
31480,7/14/2024,78.0,89.0,68.0,0.21,0.0,0.0
31481,7/15/2024,79.0,88.0,71.0,0.0,0.0,0.0
31482,7/16/2024,81.0,89.0,74.0,0.1,0.0,0.0
31483,7/17/2024,79.0,84.0,68.0,0.0,0.0,0.0
31484,7/18/2024,72.0,76.0,64.0,0.0,0.0,0.0
31485,7/19/2024,68.0,76.0,54.0,0.0,0.0,0.0
31486,7/20/2024,69.0,81.0,54.0,0.0,0.0,0.0
31487,7/21/2024,72.0,83.0,57.0,0.0,0.0,0.0
31488,7/22/2024,74.0,82.0,65.0,0.0,0.0,0.0
31489,7/23/2024,74.0,86.0,66.0,0.2,0.0,0.0
31490,7/24/2024,75.0,86.0,68.0,0.02,0.0,0.0
31491,7/25/2024,71.0,79.0,62.0,0.01,0.0,0.0
31492,7/26/2024,69.0,79.0,56.0,0.0,0.0,0.0
31493,7/27/2024,72.0,84.0,55.0,0.0,0.0,0.0
31494,7/28/2024,76.0,91.0,60.0,0.0,0.0,0.0
31495,7/29/2024,77.0,84.0,69.0,1.07,0.0,0.0
31496,7/30/2024,77.0,84.0,73.0,0.22,0.0,0.0
31497,7/31/2024,79.0,92.0,69.0,0.0,0.0,0.0
31498,8/1/2024,81.0,93.0,71.0,0.06,0.0,0.0
31499,8/2/2024,77.0,85.0,72.0,0.17,0.0,0.0
31500,8/3/2024,76.0,84.0,69.0,0.32,0.0,0.0
31501,8/4/2024,78.0,87.0,66.0,0.17,0.0,0.0
31502,8/5/2024,79.0,88.0,70.0,0.0,0.0,0.0
31503,8/6/2024,77.0,87.0,69.0,0.29,0.0,0.0
31504,8/7/2024,71.0,78.0,66.0,0.0,0.0,0.0
31505,8/8/2024,74.0,83.0,69.0,0.0,0.0,0.0
31506,8/9/2024,77.0,81.0,66.0,0.04,0.0,0.0
31507,8/10/2024,69.0,76.0,58.0,0.0,0.0,0.0
31508,8/11/2024,68.0,77.0,57.0,0.01,0.0,0.0
31509,8/12/2024,69.0,79.0,57.0,0.0,0.0,0.0
31510,8/13/2024,71.0,82.0,57.0,0.0,0.0,0.0
31511,8/14/2024,71.0,82.0,57.0,0.0,0.0,0.0
31512,8/15/2024,73.0,85.0,59.0,0.0,0.0,0.0
31513,8/16/2024,76.0,85.0,68.0,0.11,0.0,0.0
31514,8/17/2024,78.0,89.0,69.0,0.35,0.0,0.0
31515,8/18/2024,71.0,81.0,67.0,0.4,0.0,0.0
31516,8/19/2024,69.0,72.0,63.0,0.0,0.0,0.0
31517,8/20/2024,64.0,71.0,60.0,0.0,0.0,0.0
31518,8/21/2024,63.0,71.0,50.0,0.0,0.0,0.0
31519,8/22/2024,63.0,75.0,50.0,0.0,0.0,0.0
31520,8/23/2024,65.0,80.0,51.0,0.0,0.0,0.0
31521,8/24/2024,69.0,86.0,55.0,0.0,0.0,0.0
31522,8/25/2024,73.0,88.0,63.0,0.32,0.0,0.0
31523,8/26/2024,80.0,91.0,69.0,0.0,0.0,0.0
31524,8/27/2024,82.0,95.0,71.0,0.02,0.0,0.0
31525,8/28/2024,78.0,90.0,71.0,0.09,0.0,0.0
31526,8/29/2024,77.0,84.0,71.0,0.0,0.0,0.0
31527,8/30/2024,77.0,95.0,66.0,0.0,0.0,0.0
31528,8/31/2024,77.0,82.0,69.0,0.0,0.0,0.0
31529,9/1/2024,72.0,83.0,63.0,0.0,0.0,0.0
31530,9/2/2024,67.0,71.0,53.0,0.0,0.0,0.0
31531,9/3/2024,62.0,75.0,48.0,0.0,0.0,0.0
31532,9/4/2024,67.0,82.0,51.0,0.0,0.0,0.0
31533,9/5/2024,72.0,86.0,57.0,0.0,0.0,0.0
31534,9/6/2024,71.0,74.0,60.0,1.26,0.0,0.0
31535,9/7/2024,60.0,64.0,47.0,0.01,0.0,0.0
31536,9/8/2024,56.0,70.0,45.0,0.0,0.0,0.0
31537,9/9/2024,64.0,78.0,54.0,0.0,0.0,0.0
31538,9/10/2024,67.0,78.0,56.0,0.0,0.0,0.0
31539,9/11/2024,69.0,84.0,56.0,0.0,0.0,0.0
31540,9/12/2024,71.0,85.0,57.0,0.0,0.0,0.0
31541,9/13/2024,73.0,83.0,61.0,0.0,0.0,0.0
31542,9/14/2024,74.0,85.0,61.0,0.0,0.0,0.0
31543,9/15/2024,75.0,86.0,63.0,0.0,0.0,0.0
31544,9/16/2024,73.0,82.0,60.0,0.0,0.0,0.0
31545,9/17/2024,70.0,81.0,61.0,0.0,0.0,0.0
31546,9/18/2024,72.0,81.0,63.0,0.0,0.0,0.0
31547,9/19/2024,71.0,80.0,62.0,0.0,0.0,0.0
31548,9/20/2024,72.0,85.0,59.0,0.0,0.0,0.0
31549,9/21/2024,76.0,84.0,62.0,0.0,0.0,0.0
31550,9/22/2024,71.0,88.0,56.0,0.23,0.0,0.0
31551,9/23/2024,69.0,72.0,66.0,0.06,0.0,0.0
31552,9/24/2024,69.0,78.0,65.0,0.44,0.0,0.0
31553,9/25/2024,71.0,78.0,68.0,0.0,0.0,0.0
31554,9/26/2024,69.0,74.0,66.0,0.0,0.0,0.0
31555,9/27/2024,70.0,76.0,66.0,0.07,0.0,0.0
31556,9/28/2024,72.0,77.0,67.0,0.38,0.0,0.0
31557,9/29/2024,69.0,71.0,67.0,0.26,0.0,0.0
31558,9/30/2024,69.0,72.0,64.0,0.0,0.0,0.0
31559,10/1/2024,68.0,75.0,59.0,0.12,0.0,0.0
31560,10/2/2024,63.0,67.0,51.0,0.0,0.0,0.0
31561,10/3/2024,61.0,77.0,49.0,0.0,0.0,0.0
31562,10/4/2024,64.0,77.0,51.0,0.0,0.0,0.0
31563,10/5/2024,64.0,72.0,54.0,0.0,0.0,0.0
31564,10/6/2024,68.0,85.0,59.0,0.0,0.0,0.0
31565,10/7/2024,61.0,63.0,43.0,0.0,0.0,0.0
31566,10/8/2024,53.0,66.0,43.0,0.0,0.0,0.0
31567,10/9/2024,56.0,62.0,44.0,0.0,0.0,0.0
31568,10/10/2024,50.0,61.0,38.0,0.0,0.0,0.0
31569,10/11/2024,53.0,74.0,38.0,0.0,0.0,0.0
31570,10/12/2024,62.0,66.0,55.0,0.02,0.0,0.0
31571,10/13/2024,59.0,66.0,51.0,0.99,0.0,0.0
31572,10/14/2024,51.0,55.0,45.0,0.26,0.0,0.0
31573,10/15/2024,46.0,50.0,42.0,0.33,0.0,0.0
31574,10/16/2024,49.0,54.0,42.0,0.66,0.0,0.0
31575,10/17/2024,47.0,60.0,35.0,0.0,0.0,0.0
31576,10/18/2024,50.0,68.0,37.0,0.0,0.0,0.0
31577,10/19/2024,52.0,71.0,38.0,0.0,0.0,0.0
31578,10/20/2024,56.0,73.0,42.0,0.0,0.0,0.0
31579,10/21/2024,63.0,77.0,52.0,0.0,0.0,0.0
31580,10/22/2024,62.0,78.0,47.0,0.0,0.0,0.0
31581,10/23/2024,66.0,75.0,56.0,0.0,0.0,0.0
31582,10/24/2024,55.0,57.0,39.0,0.0,0.0,0.0
31583,10/25/2024,49.0,66.0,37.0,0.0,0.0,0.0
31584,10/26/2024,54.0,57.0,39.0,0.0,0.0,0.0
31585,10/27/2024,45.0,58.0,33.0,0.0,0.0,0.0
31586,10/28/2024,48.0,64.0,35.0,0.0,0.0,0.0
31587,10/29/2024,63.0,78.0,53.0,0.13,0.0,0.0
31588,10/30/2024,70.0,77.0,63.0,0.0,0.0,0.0
31589,10/31/2024,70.0,77.0,64.0,0.0,0.0,0.0
31590,11/1/2024,55.0,64.0,46.0,0.0,0.0,0.0
31591,11/2/2024,48.0,56.0,38.0,0.0,0.0,0.0
31592,11/3/2024,50.0,65.0,37.0,0.0,0.0,0.0
31593,11/4/2024,63.0,75.0,57.0,0.0,0.0,0.0
31594,11/5/2024,71.0,78.0,65.0,0.0,0.0,0.0
31595,11/6/2024,67.0,73.0,56.0,0.28,0.0,0.0
31596,11/7/2024,55.0,58.0,44.0,0.0,0.0,0.0
31597,11/8/2024,49.0,61.0,41.0,0.0,0.0,0.0
31598,11/9/2024,50.0,57.0,41.0,0.0,0.0,0.0
31599,11/10/2024,54.0,61.0,51.0,0.53,0.0,0.0
31600,11/11/2024,53.0,56.0,46.0,0.0,0.0,0.0
31601,11/12/2024,47.0,49.0,36.0,0.0,0.0,0.0
31602,11/13/2024,42.0,54.0,34.0,0.0,0.0,0.0
31603,11/14/2024,47.0,51.0,41.0,0.53,0.0,0.0
31604,11/15/2024,50.0,52.0,49.0,0.09,0.0,0.0
31605,11/16/2024,50.0,51.0,45.0,0.0,0.0,0.0
31606,11/17/2024,48.0,57.0,38.0,0.0,0.0,0.0
31607,11/18/2024,53.0,58.0,47.0,0.0,0.0,0.0
31608,11/19/2024,57.0,61.0,50.0,0.03,0.0,0.0
31609,11/20/2024,52.0,61.0,38.0,0.09,0.0,0.0
31610,11/21/2024,37.0,40.0,32.0,0.09,1.0,0.0
31611,11/22/2024,38.0,46.0,32.0,0.47,0.0,0.0
31612,11/23/2024,45.0,47.0,43.0,0.14,0.0,0.0
31613,11/24/2024,42.0,43.0,37.0,0.0,0.0,0.0
31614,11/25/2024,44.0,55.0,37.0,0.2,0.0,0.0
31615,11/26/2024,47.0,53.0,36.0,0.01,0.0,0.0
31616,11/27/2024,39.0,46.0,33.0,0.11,0.0,0.0
31617,11/28/2024,39.0,42.0,35.0,0.39,0.1,0.0
31618,11/29/2024,32.0,35.0,24.0,0.0,0.0,0.0
31619,11/30/2024,25.0,28.0,20.0,0.0,0.0,0.0
31620,12/1/2024,24.0,28.0,20.0,0.0,0.0,0.0
31621,12/2/2024,28.0,34.0,25.0,0.0,0.0,0.0
31622,12/3/2024,28.0,34.0,23.0,0.0,0.0,0.0
31623,12/4/2024,30.0,39.0,26.0,0.04,0.1,0.0
31624,12/5/2024,28.0,35.0,22.0,0.13,1.9,1.2
31625,12/6/2024,26.0,31.0,16.0,0.0,0.0,1.2
31626,12/7/2024,31.0,43.0,28.0,0.0,0.0,0.0
31627,12/8/2024,45.0,55.0,41.0,0.0,0.0,0.0
31628,12/9/2024,48.0,53.0,46.0,0.48,0.0,0.0
31629,12/10/2024,44.0,47.0,38.0,0.25,0.0,0.0
31630,12/11/2024,36.0,40.0,28.0,0.21,3.8,0.0
31631,12/12/2024,21.0,28.0,14.0,0.0,0.0,3.1
31632,12/13/2024,20.0,28.0,15.0,0.0,0.0,1.2
31633,12/14/2024,26.0,40.0,18.0,0.0,0.0,0.0
31634,12/15/2024,38.0,45.0,35.0,0.32,0.0,0.0
31635,12/16/2024,48.0,57.0,44.0,0.16,0.0,0.0
31636,12/17/2024,46.0,52.0,30.0,0.0,0.0,0.0
31637,12/18/2024,34.0,37.0,29.0,0.07,0.0,0.0
31638,12/19/2024,35.0,37.0,33.0,0.0,0.0,0.0
31639,12/20/2024,35.0,36.0,30.0,0.04,0.6,0.0
31640,12/21/2024,27.0,30.0,23.0,0.06,0.5,1.2
31641,12/22/2024,23.0,28.0,16.0,0.0,0.0,0.0
31642,12/23/2024,28.0,41.0,20.0,0.1,0.0,0.0
31643,12/24/2024,38.0,39.0,33.0,0.0,0.0,0.0
31644,12/25/2024,36.0,41.0,31.0,0.0,0.0,0.0
31645,12/26/2024,41.0,47.0,36.0,0.0,0.0,0.0
31646,12/27/2024,45.0,54.0,38.0,0.08,0.0,0.0
31647,12/28/2024,54.0,61.0,47.0,0.0,0.0,0.0
31648,12/29/2024,54.0,60.0,42.0,1.32,0.0,0.0
31649,12/30/2024,44.0,48.0,37.0,0.27,0.0,0.0
31650,12/31/2024,41.0,47.0,34.0,0.7,0.0,0.0
31651,1/1/2025,36.0,37.0,30.0,0.25,0.2,0.0
31652,1/2/2025,29.0,31.0,26.0,0.0,0.0,0.0
31653,1/3/2025,27.0,28.0,23.0,0.26,3.4,2.0
31654,1/4/2025,23.0,25.0,18.0,0.02,0.4,2.0
31655,1/5/2025,18.0,22.0,11.0,0.0,0.0,1.2
31656,1/6/2025,24.0,28.0,21.0,0.09,1.6,2.0
31657,1/7/2025,25.0,27.0,23.0,0.0,0.2,2.0
31658,1/8/2025,24.0,25.0,21.0,0.03,0.7,2.0
31659,1/9/2025,20.0,23.0,9.0,0.0,0.0,1.2
31660,1/10/2025,17.0,25.0,9.0,0.09,NaN,1.0
31661,1/11/2025,24.0,31.0,21.0,0.05,0.6,2.0
31662,1/12/2025,27.0,37.0,22.0,0.0,0.0,2.0
31663,1/13/2025,28.0,37.0,12.0,0.0,0.0,1.2
31664,1/14/2025,14.0,19.0,10.0,0.06,1.4,0.0
31665,1/15/2025,14.0,22.0,7.0,0.0,0.0,2.0
31666,1/16/2025,21.0,31.0,16.0,0.18,2.0,2.0
31667,1/17/2025,33.0,40.0,30.0,0.0,0.0,3.0
31668,1/18/2025,36.0,41.0,26.0,0.39,0.2,1.2
31669,1/19/2025,25.0,27.0,16.0,0.08,1.3,1.2
31670,1/20/2025,11.0,16.0,3.0,0.01,0.2,3.1
31671,1/21/2025,5.0,10.0,-3.0,0.0,0.0,1.2
31672,1/22/2025,1.0,16.0,-5.0,0.0,0.0,1.2
31673,1/23/2025,20.0,26.0,16.0,0.03,0.4,1.2
31674,1/24/2025,20.0,22.0,13.0,0.0,0.1,1.0
31675,1/25/2025,21.0,35.0,13.0,0.0,0.0,1.2
31676,1/26/2025,30.0,35.0,21.0,0.0,0.0,1.2
31677,1/27/2025,25.0,33.0,18.0,0.0,0.0,1.2
31678,1/28/2025,33.0,41.0,28.0,0.0,0.0,1.2
31679,1/29/2025,39.0,41.0,27.0,0.0,0.0,0.0
31680,1/30/2025,34.0,45.0,26.0,0.0,0.0,0.0
31681,1/31/2025,41.0,43.0,29.0,0.44,0.6,0.0
31682,2/1/2025,26.0,29.0,21.0,0.0,0.0,1.2
31683,2/2/2025,27.0,37.0,21.0,0.1,0.7,0.0
31684,2/3/2025,42.0,53.0,32.0,0.0,0.0,0.0
31685,2/4/2025,31.0,32.0,24.0,0.0,0.0,0.0
31686,2/5/2025,25.0,30.0,23.0,0.0,0.0,0.0
31687,2/6/2025,32.0,36.0,29.0,0.34,0.0,0.0
31688,2/7/2025,28.0,33.0,19.0,0.0,0.0,0.0
31689,2/8/2025,24.0,32.0,19.0,0.25,0.4,0.0
31690,2/9/2025,27.0,30.0,25.0,0.0,0.0,0.0
31691,2/10/2025,25.0,32.0,16.0,0.0,0.0,0.0
31692,2/11/2025,26.0,33.0,23.0,0.0,0.0,0.0
31693,2/12/2025,27.0,39.0,23.0,0.08,0.0,0.0
31694,2/13/2025,32.0,41.0,19.0,0.3,0.1,0.0
31695,2/14/2025,20.0,27.0,12.0,0.0,0.0,0.0
31696,2/15/2025,31.0,38.0,26.0,0.24,0.4,0.0
31697,2/16/2025,32.0,36.0,23.0,0.81,4.3,0.0
31698,2/17/2025,20.0,23.0,10.0,0.03,0.5,3.9
31699,2/18/2025,11.0,15.0,7.0,0.0,0.1,2.0
31700,2/19/2025,11.0,17.0,6.0,0.0,0.0,2.0
31701,2/20/2025,16.0,21.0,14.0,0.11,2.8,3.9
31702,2/21/2025,21.0,26.0,19.0,0.02,0.6,3.9
31703,2/22/2025,23.0,32.0,17.0,0.0,0.0,3.9
31704,2/23/2025,29.0,37.0,23.0,0.0,0.0,2.0
31705,2/24/2025,40.0,50.0,35.0,0.0,0.0,2.0
31706,2/25/2025,45.0,51.0,37.0,0.12,0.0,0.0
31707,2/26/2025,38.0,41.0,29.0,0.39,0.0,0.0
31708,2/27/2025,40.0,44.0,35.0,0.25,0.0,0.0
31709,2/28/2025,39.0,53.0,30.0,0.0,0.0,0.0
31710,3/1/2025,34.0,46.0,21.0,0.01,0.4,0.0
31711,3/2/2025,22.0,28.0,19.0,0.0,0.0,0.0
31712,3/3/2025,29.0,40.0,22.0,0.0,0.0,0.0
31713,3/4/2025,47.0,63.0,38.0,0.02,0.0,0.0
31714,3/5/2025,54.0,62.0,35.0,0.44,0.0,0.0
31715,3/6/2025,33.0,36.0,27.0,0.03,0.4,0.0
31716,3/7/2025,32.0,42.0,25.0,0.15,1.3,0.0
31717,3/8/2025,31.0,33.0,26.0,0.0,0.0,1.2
31718,3/9/2025,39.0,52.0,32.0,0.0,0.0,0.0
31719,3/10/2025,49.0,63.0,38.0,0.0,0.0,0.0
31720,3/11/2025,53.0,62.0,33.0,0.0,0.0,0.0
31721,3/12/2025,37.0,45.0,30.0,0.0,0.0,0.0
31722,3/13/2025,37.0,49.0,26.0,0.0,0.0,0.0
31723,3/14/2025,51.0,78.0,31.0,0.0,0.0,0.0
31724,3/15/2025,65.0,71.0,58.0,0.3,0.0,0.0
31725,3/16/2025,59.0,66.0,36.0,0.16,0.0,0.0
31726,3/17/2025,35.0,38.0,30.0,0.0,0.0,0.0
31727,3/18/2025,47.0,68.0,32.0,0.0,0.0,0.0
31728,3/19/2025,64.0,73.0,57.0,0.0,0.0,0.0
31729,3/20/2025,52.0,66.0,34.0,0.29,0.0,0.0
31730,3/21/2025,38.0,52.0,27.0,0.0,0.0,0.0
31731,3/22/2025,43.0,49.0,28.0,0.0,0.0,0.0
31732,3/23/2025,33.0,45.0,24.0,0.06,0.0,0.0
31733,3/24/2025,42.0,46.0,30.0,0.0,0.0,0.0
31734,3/25/2025,36.0,46.0,28.0,0.0,0.0,0.0
31735,3/26/2025,35.0,39.0,28.0,0.01,0.0,0.0
31736,3/27/2025,39.0,59.0,25.0,0.0,0.0,0.0
31737,3/28/2025,51.0,65.0,45.0,0.28,0.0,0.0
31738,3/29/2025,66.0,73.0,56.0,0.01,0.0,0.0
31739,3/30/2025,61.0,66.0,54.0,0.88,0.0,0.0
31740,3/31/2025,52.0,58.0,36.0,0.07,0.0,0.0
31741,4/1/2025,36.0,39.0,32.0,0.0,0.0,0.0
31742,4/2/2025,42.0,68.0,37.0,0.77,0.0,0.0
31743,4/3/2025,64.0,69.0,51.0,0.73,0.0,0.0
31744,4/4/2025,49.0,51.0,44.0,0.0,0.0,0.0
31745,4/5/2025,53.0,65.0,44.0,1.13,0.0,0.0
31746,4/6/2025,40.0,44.0,32.0,0.08,0.0,0.0
31747,4/7/2025,37.0,52.0,28.0,0.07,0.2,0.0
31748,4/8/2025,31.0,37.0,26.0,0.01,0.0,0.0
31749,4/9/2025,36.0,46.0,27.0,0.1,0.0,0.0
31750,4/10/2025,41.0,46.0,36.0,0.19,0.0,0.0
31751,4/11/2025,38.0,45.0,35.0,0.0,0.0,0.0
31752,4/12/2025,40.0,48.0,33.0,0.0,0.0,0.0
31753,4/13/2025,45.0,60.0,30.0,0.01,0.0,0.0
31754,4/14/2025,60.0,72.0,51.0,0.0,0.0,0.0
31755,4/15/2025,49.0,53.0,40.0,0.02,0.0,0.0
31756,4/16/2025,42.0,47.0,34.0,0.0,0.0,0.0
31757,4/17/2025,45.0,62.0,29.0,0.0,0.0,0.0
31758,4/18/2025,65.0,82.0,54.0,0.0,0.0,0.0
31759,4/19/2025,70.0,74.0,52.0,0.17,0.0,0.0
31760,4/20/2025,51.0,54.0,44.0,0.0,0.0,0.0
31761,4/21/2025,62.0,76.0,53.0,0.02,0.0,0.0
31762,4/22/2025,56.0,61.0,47.0,0.0,0.0,0.0
31763,4/23/2025,61.0,76.0,47.0,0.0,0.0,0.0
31764,4/24/2025,66.0,80.0,48.0,0.0,0.0,0.0
31765,4/25/2025,68.0,75.0,62.0,1.17,0.0,0.0
31766,4/26/2025,53.0,63.0,40.0,0.02,0.0,0.0
31767,4/27/2025,47.0,59.0,35.0,0.0,0.0,0.0
31768,4/28/2025,56.0,75.0,39.0,0.0,0.0,0.0
31769,4/29/2025,72.0,81.0,50.0,0.23,0.0,0.0
31770,4/30/2025,51.0,54.0,41.0,0.0,0.0,0.0
31771,5/1/2025,61.0,80.0,51.0,0.15,0.0,0.0
31772,5/2/2025,65.0,73.0,51.0,0.5,0.0,0.0
31773,5/3/2025,51.0,51.0,46.0,0.62,0.0,0.0
31774,5/4/2025,49.0,55.0,46.0,0.2,0.0,0.0
31775,5/5/2025,53.0,60.0,48.0,0.4,0.0,0.0
31776,5/6/2025,55.0,61.0,53.0,0.02,0.0,0.0
31777,5/7/2025,58.0,70.0,50.0,0.0,0.0,0.0
31778,5/8/2025,51.0,51.0,43.0,0.01,0.0,0.0
31779,5/9/2025,49.0,58.0,39.0,0.0,0.0,0.0
31780,5/10/2025,56.0,75.0,39.0,0.0,0.0,0.0
31781,5/11/2025,56.0,63.0,47.0,0.0,0.0,0.0
31782,5/12/2025,62.0,82.0,47.0,0.04,0.0,0.0
31783,5/13/2025,67.0,73.0,64.0,0.2,0.0,0.0
31784,5/14/2025,69.0,79.0,62.0,0.03,0.0,0.0
31785,5/15/2025,69.0,84.0,61.0,0.3,0.0,0.0
31786,5/16/2025,75.0,83.0,62.0,0.2,0.0,0.0
31787,5/17/2025,67.0,70.0,59.0,0.01,0.0,0.0
31788,5/18/2025,60.0,66.0,52.0,0.0,0.0,0.0
31789,5/19/2025,54.0,59.0,47.0,0.0,0.0,0.0
31790,5/20/2025,52.0,64.0,46.0,0.1,0.0,0.0
31791,5/21/2025,58.0,66.0,53.0,1.56,0.0,0.0
31792,5/22/2025,53.0,53.0,49.0,0.75,0.0,0.0
31793,5/23/2025,51.0,58.0,45.0,0.08,0.0,0.0
31794,5/24/2025,54.0,60.0,46.0,0.0,0.0,0.0
31795,5/25/2025,53.0,64.0,41.0,0.0,0.0,0.0
31796,5/26/2025,54.0,65.0,40.0,0.0,0.0,0.0
31797,5/27/2025,62.0,69.0,53.0,0.0,0.0,0.0
31798,5/28/2025,57.0,63.0,53.0,0.05,0.0,0.0
31799,5/29/2025,61.0,71.0,52.0,0.0,0.0,0.0
31800,5/30/2025,60.0,65.0,52.0,0.08,0.0,0.0
31801,5/31/2025,55.0,59.0,45.0,0.0,0.0,0.0
31802,6/1/2025,53.0,63.0,40.0,0.0,0.0,0.0
31803,6/2/2025,59.0,76.0,44.0,0.0,0.0,0.0
31804,6/3/2025,69.0,83.0,54.0,0.0,0.0,0.0
31805,6/4/2025,78.0,88.0,69.0,0.0,0.0,0.0
31806,6/5/2025,70.0,75.0,62.0,0.15,0.0,0.0
31807,6/6/2025,66.0,73.0,61.0,0.0,0.0,0.0
31808,6/7/2025,65.0,73.0,58.0,0.0,0.0,0.0
31809,6/8/2025,65.0,73.0,60.0,0.09,0.0,0.0
31810,6/9/2025,66.0,73.0,62.0,0.47,0.0,0.0
31811,6/10/2025,66.0,75.0,55.0,0.0,0.0,0.0
31812,6/11/2025,71.0,83.0,60.0,0.0,0.0,0.0
31813,6/12/2025,71.0,79.0,63.0,0.0,0.0,0.0
31814,6/13/2025,68.0,72.0,61.0,0.1,0.0,0.0
31815,6/14/2025,63.0,70.0,60.0,1.6,0.0,0.0
31816,6/15/2025,66.0,73.0,58.0,0.0,0.0,0.0
31817,6/16/2025,69.0,78.0,59.0,0.0,0.0,0.0
31818,6/17/2025,72.0,79.0,67.0,0.47,0.0,0.0
31819,6/18/2025,76.0,85.0,66.0,0.35,0.0,0.0
31820,6/19/2025,69.0,76.0,62.0,1.14,0.0,0.0
31821,6/20/2025,69.0,82.0,60.0,0.19,0.0,0.0
31822,6/21/2025,75.0,88.0,66.0,0.0,0.0,0.0
31823,6/22/2025,83.0,93.0,75.0,0.0,0.0,0.0
31824,6/23/2025,85.0,94.0,75.0,0.0,0.0,0.0
31825,6/24/2025,85.0,94.0,74.0,0.03,0.0,0.0
31826,6/25/2025,81.0,87.0,72.0,0.0,0.0,0.0
31827,6/26/2025,79.0,91.0,71.0,0.01,0.0,0.0
31828,6/27/2025,79.0,89.0,72.0,0.0,0.0,0.0
31829,6/28/2025,80.0,86.0,71.0,0.29,0.0,0.0
31830,6/29/2025,76.0,85.0,66.0,0.0,0.0,0.0
31831,6/30/2025,78.0,83.0,72.0,0.23,0.0,0.0
31832,7/1/2025,76.0,83.0,70.0,0.01,0.0,0.0
31833,7/2/2025,76.0,84.0,65.0,0.0,0.0,0.0
31834,7/3/2025,76.0,83.0,66.0,0.0,0.0,0.0
31835,7/4/2025,77.0,87.0,65.0,0.0,0.0,0.0
31836,7/5/2025,82.0,91.0,74.0,0.0,0.0,0.0
31837,7/6/2025,83.0,93.0,71.0,0.0,0.0,0.0
31838,7/7/2025,79.0,85.0,68.0,0.03,0.0,0.0
31839,7/8/2025,72.0,79.0,67.0,0.0,0.0,0.0
31840,7/9/2025,74.0,83.0,65.0,0.0,0.0,0.0
31841,7/10/2025,77.0,85.0,71.0,0.0,0.0,0.0
31842,7/11/2025,79.0,90.0,68.0,0.0,0.0,0.0
31843,7/12/2025,81.0,93.0,72.0,0.06,0.0,0.0
31844,7/13/2025,77.0,87.0,71.0,0.03,0.0,0.0
31845,7/14/2025,78.0,86.0,63.0,0.01,0.0,0.0
31846,7/15/2025,74.0,88.0,59.0,0.0,0.0,0.0
31847,7/16/2025,77.0,83.0,70.0,0.64,0.0,0.0
31848,7/17/2025,76.0,81.0,68.0,0.0,0.0,0.0
31849,7/18/2025,71.0,76.0,66.0,0.0,0.0,0.0
31850,7/19/2025,72.0,85.0,61.0,0.01,0.0,0.0
31851,7/20/2025,75.0,82.0,67.0,0.0,0.0,0.0
31852,7/21/2025,69.0,75.0,58.0,0.0,0.0,0.0
31853,7/22/2025,69.0,78.0,56.0,0.0,0.0,0.0
31854,7/23/2025,73.0,88.0,58.0,0.0,0.0,0.0
31855,7/24/2025,79.0,94.0,67.0,0.33,0.0,0.0
31856,7/25/2025,79.0,85.0,73.0,0.04,0.0,0.0
31857,7/26/2025,79.0,90.0,73.0,0.4,0.0,0.0
31858,7/27/2025,79.0,87.0,70.0,0.08,0.0,0.0
31859,7/28/2025,78.0,90.0,66.0,2.3,0.0,0.0
31860,7/29/2025,77.0,87.0,70.0,0.0,0.0,0.0
31861,7/30/2025,78.0,87.0,68.0,0.07,0.0,0.0
31862,7/31/2025,70.0,74.0,63.0,1.17,0.0,0.0
31863,8/1/2025,67.0,75.0,58.0,0.0,0.0,0.0
31864,8/2/2025,67.0,75.0,54.0,0.0,0.0,0.0
31865,8/3/2025,67.0,78.0,54.0,0.0,0.0,0.0
31866,8/4/2025,70.0,81.0,58.0,0.0,0.0,0.0
31867,8/5/2025,74.0,82.0,63.0,0.0,0.0,0.0
31868,8/6/2025,76.0,84.0,67.0,0.0,0.0,0.0
31869,8/7/2025,74.0,84.0,64.0,0.0,0.0,0.0
31870,8/8/2025,76.0,87.0,67.0,0.0,0.0,0.0
31871,8/9/2025,77.0,88.0,66.0,0.0,0.0,0.0
31872,8/10/2025,78.0,87.0,67.0,0.0,0.0,0.0
31873,8/11/2025,80.0,90.0,69.0,0.0,0.0,0.0
31874,8/12/2025,82.0,91.0,75.0,0.02,0.0,0.0
31875,8/13/2025,78.0,83.0,72.0,0.68,0.0,0.0
31876,8/14/2025,76.0,82.0,66.0,0.0,0.0,0.0
31877,8/15/2025,75.0,86.0,62.0,0.0,0.0,0.0
31878,8/16/2025,78.0,87.0,66.0,0.0,0.0,0.0
31879,8/17/2025,77.0,81.0,70.0,0.0,0.0,0.0
31880,8/18/2025,73.0,78.0,66.0,0.0,0.0,0.0
31881,8/19/2025,72.0,85.0,62.0,0.43,0.0,0.0
31882,8/20/2025,71.0,73.0,68.0,0.06,0.0,0.0
31883,8/21/2025,68.0,70.0,63.0,0.09,0.0,0.0
31884,8/22/2025,68.0,76.0,59.0,0.0,0.0,0.0
31885,8/23/2025,70.0,81.0,62.0,0.0,0.0,0.0
31886,8/24/2025,69.0,76.0,62.0,0.0,0.0,0.0
31887,8/25/2025,63.0,71.0,56.0,0.38,0.0,0.0
31888,8/26/2025,60.0,69.0,53.0,0.06,0.0,0.0
31889,8/27/2025,NaN,69.0,51.0,0.07,0.0,0.0
31890,8/28/2025,NaN,68.0,56.0,0.13,0.0,0.0
31891,8/29/2025,NaN,65.0,52.0,0.0,0.0,0.0
31892,8/30/2025,NaN,67.0,46.0,0.0,0.0,0.0
31893,8/31/2025,NaN,70.0,48.0,0.0,0.0,0.0
31894,9/1/2025,NaN,78.0,49.0,0.0,0.0,0.0
31895,9/2/2025,NaN,79.0,53.0,0.0,0.0,0.0
31896,9/3/2025,NaN,82.0,52.0,0.0,0.0,0.0
31897,9/4/2025,NaN,67.0,53.0,0.23,0.0,0.0
31898,9/5/2025,NaN,78.0,50.0,0.0,0.0,0.0
31899,9/6/2025,NaN,68.0,52.0,0.0,0.0,0.0
31900,9/7/2025,NaN,67.0,48.0,0.0,0.0,0.0
31901,9/8/2025,NaN,70.0,44.0,0.0,0.0,0.0
31902,9/9/2025,NaN,76.0,47.0,0.0,0.0,0.0
31903,9/10/2025,NaN,77.0,50.0,0.0,0.0,0.0
31904,9/11/2025,NaN,75.0,49.0,0.0,0.0,0.0
31905,9/12/2025,NaN,76.0,49.0,0.0,0.0,0.0
31906,9/13/2025,NaN,74.0,52.0,0.0,0.0,0.0
31907,9/14/2025,NaN,77.0,51.0,0.0,0.0,0.0
31908,9/15/2025,NaN,81.0,58.0,0.0,0.0,0.0
31909,9/16/2025,NaN,82.0,55.0,0.0,0.0,0.0
31910,9/17/2025,NaN,79.0,53.0,0.0,0.0,0.0
31911,9/18/2025,NaN,82.0,51.0,0.0,0.0,0.0
31912,9/19/2025,NaN,79.0,60.0,0.0,0.0,0.0
31913,9/20/2025,NaN,79.0,59.0,0.0,0.0,0.0
31914,9/21/2025,NaN,87.0,63.0,0.17,0.0,0.0
31915,9/22/2025,NaN,81.0,64.0,0.21,0.0,0.0
31916,9/23/2025,NaN,76.0,64.0,0.0,0.0,0.0
31917,9/24/2025,NaN,73.0,64.0,0.11,0.0,0.0
31918,9/25/2025,NaN,73.0,60.0,0.03,0.0,0.0
31919,9/26/2025,NaN,75.0,56.0,0.0,0.0,0.0
31920,9/27/2025,NaN,80.0,54.0,0.0,0.0,0.0
31921,9/28/2025,NaN,83.0,58.0,0.0,0.0,0.0
31922,9/29/2025,NaN,78.0,50.0,0.0,0.0,0.0
31923,9/30/2025,NaN,77.0,48.0,0.0,0.0,0.0
31924,10/1/2025,NaN,71.0,54.0,0.0,0.0,0.0
31925,10/2/2025,NaN,78.0,46.0,0.0,0.0,0.0
31926,10/3/2025,NaN,82.0,53.0,0.0,0.0,0.0
31927,10/4/2025,NaN,86.0,54.0,0.0,0.0,0.0
31928,10/5/2025,NaN,84.0,57.0,0.0,0.0,0.0
31929,10/6/2025,NaN,85.0,58.0,0.0,0.0,0.0
31930,10/7/2025,NaN,72.0,57.0,0.57,0.0,0.0
31931,10/8/2025,NaN,63.0,51.0,0.0,0.0,0.0
31932,10/9/2025,NaN,61.0,46.0,0.0,0.0,0.0
31933,10/10/2025,NaN,68.0,38.0,0.0,0.0,0.0
31934,10/11/2025,NaN,64.0,50.0,0.01,0.0,0.0
31935,10/12/2025,NaN,68.0,44.0,0.0,0.0,0.0
31936,10/13/2025,NaN,68.0,47.0,0.0,0.0,0.0
31937,10/14/2025,NaN,68.0,49.0,0.0,0.0,0.0
31938,10/15/2025,NaN,62.0,51.0,0.0,0.0,0.0
31939,10/16/2025,NaN,59.0,39.0,0.0,0.0,0.0
31940,10/17/2025,NaN,67.0,36.0,0.0,0.0,0.0
31941,10/18/2025,NaN,80.0,51.0,0.03,0.0,0.0
31942,10/19/2025,NaN,72.0,49.0,0.92,0.0,0.0
31943,10/20/2025,NaN,NaN,NaN,0.01,0.0,0.0
31944,10/21/2025,NaN,62.0,46.0,0.1,0.0,0.0
31945,10/22/2025,NaN,48.0,45.0,0.06,0.0,0.0
31946,10/23/2025,NaN,53.0,43.0,0.22,0.0,0.0
31947,10/24/2025,NaN,48.0,40.0,0.19,0.0,0.0
31948,10/25/2025,NaN,55.0,37.0,0.0,0.0,0.0
31949,10/26/2025,NaN,59.0,35.0,0.0,0.0,0.0
31950,10/27/2025,NaN,60.0,36.0,0.0,0.0,0.0
31951,10/28/2025,NaN,58.0,41.0,0.0,0.0,0.0
31952,10/29/2025,NaN,57.0,39.0,0.14,0.0,0.0
31953,10/30/2025,NaN,50.0,46.0,1.62,0.0,0.0
31954,10/31/2025,NaN,53.0,37.0,0.0,0.0,0.0
31955,11/1/2025,NaN,56.0,39.0,0.0,0.0,0.0
31956,11/2/2025,NaN,56.0,33.0,0.0,0.0,0.0
31957,11/3/2025,NaN,55.0,38.0,0.0,0.0,0.0
31958,11/4/2025,NaN,59.0,36.0,0.0,0.0,0.0
31959,11/5/2025,NaN,63.0,45.0,0.03,0.0,0.0
31960,11/6/2025,NaN,52.0,33.0,0.0,0.0,0.0
31961,11/7/2025,NaN,56.0,41.0,0.16,0.0,0.0
31962,11/8/2025,NaN,48.0,39.0,0.0,0.0,0.0
31963,11/9/2025,NaN,44.0,33.0,0.84,0.0,0.0
31964,11/10/2025,NaN,34.0,28.0,0.13,1.3,1.0
31965,11/11/2025,NaN,36.0,24.0,0.0,0.0,1.0
31966,11/12/2025,NaN,49.0,35.0,0.0,0.0,0.0
31967,11/13/2025,NaN,51.0,31.0,0.0,0.0,0.0
31968,11/14/2025,NaN,57.0,31.0,0.0,0.0,0.0
31969,11/15/2025,NaN,65.0,44.0,0.0,0.0,0.0
31970,11/16/2025,NaN,53.0,40.0,0.0,0.0,0.0
31971,11/17/2025,NaN,43.0,27.0,0.0,0.0,0.0
31972,11/18/2025,NaN,42.0,25.0,0.03,0.0,0.0
31973,11/19/2025,NaN,46.0,35.0,0.0,0.0,0.0
31974,11/20/2025,NaN,47.0,33.0,0.0,0.0,0.0
31975,11/21/2025,NaN,51.0,44.0,0.1,0.0,0.0
31976,11/22/2025,NaN,46.0,32.0,0.0,0.0,0.0
31977,11/23/2025,NaN,52.0,37.0,0.0,0.0,0.0
31978,11/24/2025,NaN,52.0,29.0,0.0,0.0,0.0
